pais_iso3,indicador_id,indicador_nombre,anio,valor,unidad,fuente_url,fecha_extraccion,licencia
PAN,NY.GDP.MKTP.KD.ZG,GDP growth (annual %),2010,6.07339353106087,%,https://data.worldbank.org/indicator/NY.GDP.MKTP.KD.ZG?locations=PA,2026-10-07T18:15:36Z,CC BY 4.0
PAN,NY.GDP.MKTP.KD.ZG,GDP growth (annual %),2011,11.9088772249531,%,https://data.worldbank.org/indicator/NY.GDP.MKTP.KD.ZG?locations=PA,2026-10-07T18:15:36Z,CC BY 4.0
PAN,NY.GDP.MKTP.KD.ZG,GDP growth (annual %),2012,9.62729346439019,%,https://data.worldbank.org/indicator/NY.GDP.MKTP.KD.ZG?locations=PA,2026-10-07T18:15:36Z,CC BY 4.0
PAN,NY.GDP.MKTP.KD.ZG,GDP growth (annual %),2013,6.32435388662846,%,https://data.worldbank.org/indicator/NY.GDP.MKTP.KD.ZG?locations=PA,2026-10-07T18:15:36Z,CC BY 4.0
PAN,NY.GDP.MKTP.KD.ZG,GDP growth (annual %),2014,4.62581375565551,%,https://data.worldbank.org/indicator/NY.GDP.MKTP.KD.ZG?locations=PA,2026-10-07T18:15:36Z,CC BY 4.0
PAN,NY.GDP.MKTP.KD.ZG,GDP growth (annual %),2015,5.26691719595516,%,https://data.worldbank.org/indicator/NY.GDP.MKTP.KD.ZG?locations=PA,2026-10-07T18:15:36Z,CC BY 4.0
PAN,NY.GDP.MKTP.KD.ZG,GDP growth (annual %),2016,4.57196707937275,%,https://data.worldbank.org/indicator/NY.GDP.MKTP.KD.ZG?locations=PA,2026-10-07T18:15:36Z,CC BY 4.0
PAN,NY.GDP.MKTP.KD.ZG,GDP growth (annual %),2017,5.7440594635578,%,https://data.worldbank.org/indicator/NY.GDP.MKTP.KD.ZG?locations=PA,2026-10-07T18:15:36Z,CC BY 4.0
PAN,NY.GDP.MKTP.KD.ZG,GDP growth (annual %),2018,3.91824253321265,%,https://data.worldbank.org/indicator/NY.GDP.MKTP.KD.ZG?locations=PA,2026-10-07T18:15:36Z,CC BY 4.0
PAN,NY.GDP.MKTP.KD.ZG,GDP growth (annual %),2019,3.10295395631086,%,https://data.worldbank.org/indicator/NY.GDP.MKTP.KD.ZG?locations=PA,2026-10-07T18:15:36Z,CC BY 4.0
PAN,NY.GDP.MKTP.KD.ZG,GDP growth (annual %),2020,-17.8211174074602,%,https://data.worldbank.org/indicator/NY.GDP.MKTP.KD.ZG?locations=PA,2026-10-07T18:15:36Z,CC BY 4.0
PAN,NY.GDP.MKTP.KD.ZG,GDP growth (annual %),2021,16.4669992022652,%,https://data.worldbank.org/indicator/NY.GDP.MKTP.KD.ZG?locations=PA,2026-10-07T18:15:36Z,CC BY 4.0
PAN,NY.GDP.MKTP.KD.ZG,GDP growth (annual %),2022,11.0386022908773,%,https://data.worldbank.org/indicator/NY.GDP.MKTP.KD.ZG?locations=PA,2026-10-07T18:15:36Z,CC BY 4.0
PAN,NY.GDP.MKTP.KD.ZG,GDP growth (annual %),2023,7.16634016390665,%,https://data.worldbank.org/indicator/NY.GDP.MKTP.KD.ZG?locations=PA,2026-10-07T18:15:36Z,CC BY 4.0
PAN,NY.GDP.MKTP.KD.ZG,GDP growth (annual %),2024,2.74784148771307,%,https://data.worldbank.org/indicator/NY.GDP.MKTP.KD.ZG?locations=PA,2026-10-07T18:15:36Z,CC BY 4.0
PAN,FP.CPI.TOTL.ZG,"Inflation, consumer prices (annual %)",2010,3.49128872618809,%,https://data.worldbank.org/indicator/FP.CPI.TOTL.ZG?locations=PA,2026-10-07T18:15:36Z,CC BY 4.0
PAN,FP.CPI.TOTL.ZG,"Inflation, consumer prices (annual %)",2011,5.87580243678763,%,https://data.worldbank.org/indicator/FP.CPI.TOTL.ZG?locations=PA,2026-10-07T18:15:36Z,CC BY 4.0
PAN,FP.CPI.TOTL.ZG,"Inflation, consumer prices (annual %)",2012,5.69819959165993,%,https://data.worldbank.org/indicator/FP.CPI.TOTL.ZG?locations=PA,2026-10-07T18:15:36Z,CC BY 4.0
PAN,FP.CPI.TOTL.ZG,"Inflation, consumer prices (annual %)",2013,4.02715991571061,%,https://data.worldbank.org/indicator/FP.CPI.TOTL.ZG?locations=PA,2026-10-07T18:15:36Z,CC BY 4.0
PAN,FP.CPI.TOTL.ZG,"Inflation, consumer prices (annual %)",2014,2.62652699929143,%,https://data.worldbank.org/indicator/FP.CPI.TOTL.ZG?locations=PA,2026-10-07T18:15:36Z,CC BY 4.0
PAN,FP.CPI.TOTL.ZG,"Inflation, consumer prices (annual %)",2015,0.137492058461588,%,https://data.worldbank.org/indicator/FP.CPI.TOTL.ZG?locations=PA,2026-10-07T18:15:36Z,CC BY 4.0
PAN,FP.CPI.TOTL.ZG,"Inflation, consumer prices (annual %)",2016,0.73973402529995,%,https://data.worldbank.org/indicator/FP.CPI.TOTL.ZG?locations=PA,2026-10-07T18:15:36Z,CC BY 4.0
PAN,FP.CPI.TOTL.ZG,"Inflation, consumer prices (annual %)",2017,0.875585918759963,%,https://data.worldbank.org/indicator/FP.CPI.TOTL.ZG?locations=PA,2026-10-07T18:15:36Z,CC BY 4.0
PAN,FP.CPI.TOTL.ZG,"Inflation, consumer prices (annual %)",2018,0.761578359399945,%,https://data.worldbank.org/indicator/FP.CPI.TOTL.ZG?locations=PA,2026-10-07T18:15:36Z,CC BY 4.0
PAN,FP.CPI.TOTL.ZG,"Inflation, consumer prices (annual %)",2019,-0.355083821021246,%,https://data.worldbank.org/indicator/FP.CPI.TOTL.ZG?locations=PA,2026-10-07T18:15:36Z,CC BY 4.0
PAN,FP.CPI.TOTL.ZG,"Inflation, consumer prices (annual %)",2020,-1.55027540803761,%,https://data.worldbank.org/indicator/FP.CPI.TOTL.ZG?locations=PA,2026-10-07T18:15:36Z,CC BY 4.0
PAN,FP.CPI.TOTL.ZG,"Inflation, consumer prices (annual %)",2021,1.63070337301898,%,https://data.worldbank.org/indicator/FP.CPI.TOTL.ZG?locations=PA,2026-10-07T18:15:36Z,CC BY 4.0
PAN,FP.CPI.TOTL.ZG,"Inflation, consumer prices (annual %)",2022,2.85965128834711,%,https://data.worldbank.org/indicator/FP.CPI.TOTL.ZG?locations=PA,2026-10-07T18:15:36Z,CC BY 4.0
PAN,FP.CPI.TOTL.ZG,"Inflation, consumer prices (annual %)",2023,1.48641355277038,%,https://data.worldbank.org/indicator/FP.CPI.TOTL.ZG?locations=PA,2026-10-07T18:15:36Z,CC BY 4.0
PAN,FP.CPI.TOTL.ZG,"Inflation, consumer prices (annual %)",2024,0.69322555100446,%,https://data.worldbank.org/indicator/FP.CPI.TOTL.ZG?locations=PA,2026-10-07T18:15:36Z,CC BY 4.0
PAN,SL.UEM.TOTL.ZS,"Unemployment, total (% of total labor force) (modeled ILO estimate)",2010,5.845,% fuerza laboral,https://data.worldbank.org/indicator/SL.UEM.TOTL.ZS?locations=PA,2026-10-07T18:15:36Z,CC BY 4.0
PAN,SL.UEM.TOTL.ZS,"Unemployment, total (% of total labor force) (modeled ILO estimate)",2011,4.03,% fuerza laboral,https://data.worldbank.org/indicator/SL.UEM.TOTL.ZS?locations=PA,2026-10-07T18:15:36Z,CC BY 4.0
PAN,SL.UEM.TOTL.ZS,"Unemployment, total (% of total labor force) (modeled ILO estimate)",2012,3.691,% fuerza laboral,https://data.worldbank.org/indicator/SL.UEM.TOTL.ZS?locations=PA,2026-10-07T18:15:36Z,CC BY 4.0
PAN,SL.UEM.TOTL.ZS,"Unemployment, total (% of total labor force) (modeled ILO estimate)",2013,3.674,% fuerza laboral,https://data.worldbank.org/indicator/SL.UEM.TOTL.ZS?locations=PA,2026-10-07T18:15:36Z,CC BY 4.0
PAN,SL.UEM.TOTL.ZS,"Unemployment, total (% of total labor force) (modeled ILO estimate)",2014,4.391,% fuerza laboral,https://data.worldbank.org/indicator/SL.UEM.TOTL.ZS?locations=PA,2026-10-07T18:15:36Z,CC BY 4.0
PAN,SL.UEM.TOTL.ZS,"Unemployment, total (% of total labor force) (modeled ILO estimate)",2015,4.335,% fuerza laboral,https://data.worldbank.org/indicator/SL.UEM.TOTL.ZS?locations=PA,2026-10-07T18:15:36Z,CC BY 4.0
PAN,SL.UEM.TOTL.ZS,"Unemployment, total (% of total labor force) (modeled ILO estimate)",2016,4.717,% fuerza laboral,https://data.worldbank.org/indicator/SL.UEM.TOTL.ZS?locations=PA,2026-10-07T18:15:36Z,CC BY 4.0
PAN,SL.UEM.TOTL.ZS,"Unemployment, total (% of total labor force) (modeled ILO estimate)",2017,5.338,% fuerza laboral,https://data.worldbank.org/indicator/SL.UEM.TOTL.ZS?locations=PA,2026-10-07T18:15:36Z,CC BY 4.0
PAN,SL.UEM.TOTL.ZS,"Unemployment, total (% of total labor force) (modeled ILO estimate)",2018,5.161,% fuerza laboral,https://data.worldbank.org/indicator/SL.UEM.TOTL.ZS?locations=PA,2026-10-07T18:15:36Z,CC BY 4.0
PAN,SL.UEM.TOTL.ZS,"Unemployment, total (% of total labor force) (modeled ILO estimate)",2019,6.256,% fuerza laboral,https://data.worldbank.org/indicator/SL.UEM.TOTL.ZS?locations=PA,2026-10-07T18:15:36Z,CC BY 4.0
PAN,SL.UEM.TOTL.ZS,"Unemployment, total (% of total labor force) (modeled ILO estimate)",2020,14.663,% fuerza laboral,https://data.worldbank.org/indicator/SL.UEM.TOTL.ZS?locations=PA,2026-10-07T18:15:36Z,CC BY 4.0
PAN,SL.UEM.TOTL.ZS,"Unemployment, total (% of total labor force) (modeled ILO estimate)",2021,10.177,% fuerza laboral,https://data.worldbank.org/indicator/SL.UEM.TOTL.ZS?locations=PA,2026-10-07T18:15:36Z,CC BY 4.0
PAN,SL.UEM.TOTL.ZS,"Unemployment, total (% of total labor force) (modeled ILO estimate)",2022,8.086,% fuerza laboral,https://data.worldbank.org/indicator/SL.UEM.TOTL.ZS?locations=PA,2026-10-07T18:15:36Z,CC BY 4.0
PAN,SL.UEM.TOTL.ZS,"Unemployment, total (% of total labor force) (modeled ILO estimate)",2023,6.544,% fuerza laboral,https://data.worldbank.org/indicator/SL.UEM.TOTL.ZS?locations=PA,2026-10-07T18:15:36Z,CC BY 4.0
PAN,SL.UEM.TOTL.ZS,"Unemployment, total (% of total labor force) (modeled ILO estimate)",2024,8.451,% fuerza laboral,https://data.worldbank.org/indicator/SL.UEM.TOTL.ZS?locations=PA,2026-10-07T18:15:36Z,CC BY 4.0
PAN,SP.POP.TOTL,"Population, total",2010,3628535,personas,https://data.worldbank.org/indicator/SP.POP.TOTL?locations=PA,2026-10-07T18:15:36Z,CC BY 4.0
PAN,SP.POP.TOTL,"Population, total",2011,3693505,personas,https://data.worldbank.org/indicator/SP.POP.TOTL?locations=PA,2026-10-07T18:15:36Z,CC BY 4.0
PAN,SP.POP.TOTL,"Population, total",2012,3759256,personas,https://data.worldbank.org/indicator/SP.POP.TOTL?locations=PA,2026-10-07T18:15:36Z,CC BY 4.0
PAN,SP.POP.TOTL,"Population, total",2013,3825329,personas,https://data.worldbank.org/indicator/SP.POP.TOTL?locations=PA,2026-10-07T18:15:36Z,CC BY 4.0
PAN,SP.POP.TOTL,"Population, total",2014,3892101,personas,https://data.worldbank.org/indicator/SP.POP.TOTL?locations=PA,2026-10-07T18:15:36Z,CC BY 4.0
PAN,SP.POP.TOTL,"Population, total",2015,3960035,personas,https://data.worldbank.org/indicator/SP.POP.TOTL?locations=PA,2026-10-07T18:15:36Z,CC BY 4.0
PAN,SP.POP.TOTL,"Population, total",2016,4029086,personas,https://data.worldbank.org/indicator/SP.POP.TOTL?locations=PA,2026-10-07T18:15:36Z,CC BY 4.0
PAN,SP.POP.TOTL,"Population, total",2017,4098707,personas,https://data.worldbank.org/indicator/SP.POP.TOTL?locations=PA,2026-10-07T18:15:36Z,CC BY 4.0
PAN,SP.POP.TOTL,"Population, total",2018,4167860,personas,https://data.worldbank.org/indicator/SP.POP.TOTL?locations=PA,2026-10-07T18:15:36Z,CC BY 4.0
PAN,SP.POP.TOTL,"Population, total",2019,4234700,personas,https://data.worldbank.org/indicator/SP.POP.TOTL?locations=PA,2026-10-07T18:15:36Z,CC BY 4.0
PAN,SP.POP.TOTL,"Population, total",2020,4293261,personas,https://data.worldbank.org/indicator/SP.POP.TOTL?locations=PA,2026-10-07T18:15:36Z,CC BY 4.0
PAN,SP.POP.TOTL,"Population, total",2021,4345405,personas,https://data.worldbank.org/indicator/SP.POP.TOTL?locations=PA,2026-10-07T18:15:36Z,CC BY 4.0
PAN,SP.POP.TOTL,"Population, total",2022,4400773,personas,https://data.worldbank.org/indicator/SP.POP.TOTL?locations=PA,2026-10-07T18:15:36Z,CC BY 4.0
PAN,SP.POP.TOTL,"Population, total",2023,4458759,personas,https://data.worldbank.org/indicator/SP.POP.TOTL?locations=PA,2026-10-07T18:15:36Z,CC BY 4.0
PAN,SP.POP.TOTL,"Population, total",2024,4515577,personas,https://data.worldbank.org/indicator/SP.POP.TOTL?locations=PA,2026-10-07T18:15:36Z,CC BY 4.0
PAN,IT.NET.USER.ZS,Individuals using the Internet (% of population),2010,40.1,% población,https://data.worldbank.org/indicator/IT.NET.USER.ZS?locations=PA,2026-10-07T18:15:36Z,CC BY 4.0
PAN,IT.NET.USER.ZS,Individuals using the Internet (% of population),2011,42.7,% población,https://data.worldbank.org/indicator/IT.NET.USER.ZS?locations=PA,2026-10-07T18:15:36Z,CC BY 4.0
PAN,IT.NET.USER.ZS,Individuals using the Internet (% of population),2012,40.3018952210488,% población,https://data.worldbank.org/indicator/IT.NET.USER.ZS?locations=PA,2026-10-07T18:15:36Z,CC BY 4.0
PAN,IT.NET.USER.ZS,Individuals using the Internet (% of population),2013,44.03,% población,https://data.worldbank.org/indicator/IT.NET.USER.ZS?locations=PA,2026-10-07T18:15:36Z,CC BY 4.0
PAN,IT.NET.USER.ZS,Individuals using the Internet (% of population),2014,44.9238152577893,% población,https://data.worldbank.org/indicator/IT.NET.USER.ZS?locations=PA,2026-10-07T18:15:36Z,CC BY 4.0
PAN,IT.NET.USER.ZS,Individuals using the Internet (% of population),2015,51.2054249948687,% población,https://data.worldbank.org/indicator/IT.NET.USER.ZS?locations=PA,2026-10-07T18:15:36Z,CC BY 4.0
PAN,IT.NET.USER.ZS,Individuals using the Internet (% of population),2016,54,% población,https://data.worldbank.org/indicator/IT.NET.USER.ZS?locations=PA,2026-10-07T18:15:36Z,CC BY 4.0
PAN,IT.NET.USER.ZS,Individuals using the Internet (% of population),2017,59.9506309038683,% población,https://data.worldbank.org/indicator/IT.NET.USER.ZS?locations=PA,2026-10-07T18:15:36Z,CC BY 4.0
PAN,IT.NET.USER.ZS,Individuals using the Internet (% of population),2018,61.8055313202468,% población,https://data.worldbank.org/indicator/IT.NET.USER.ZS?locations=PA,2026-10-07T18:15:36Z,CC BY 4.0
PAN,IT.NET.USER.ZS,Individuals using the Internet (% of population),2019,63.6284147731451,% población,https://data.worldbank.org/indicator/IT.NET.USER.ZS?locations=PA,2026-10-07T18:15:36Z,CC BY 4.0
PAN,IT.NET.USER.ZS,Individuals using the Internet (% of population),2020,64.82430267,% población,https://data.worldbank.org/indicator/IT.NET.USER.ZS?locations=PA,2026-10-07T18:15:36Z,CC BY 4.0
PAN,IT.NET.USER.ZS,Individuals using the Internet (% of population),2021,66.04270172,% población,https://data.worldbank.org/indicator/IT.NET.USER.ZS?locations=PA,2026-10-07T18:15:36Z,CC BY 4.0
PAN,IT.NET.USER.ZS,Individuals using the Internet (% of population),2022,67.2838974,% población,https://data.worldbank.org/indicator/IT.NET.USER.ZS?locations=PA,2026-10-07T18:15:36Z,CC BY 4.0
PAN,IT.NET.USER.ZS,Individuals using the Internet (% of population),2023,68.54851592,% población,https://data.worldbank.org/indicator/IT.NET.USER.ZS?locations=PA,2026-10-07T18:15:36Z,CC BY 4.0
PAN,IT.NET.USER.ZS,Individuals using the Internet (% of population),2024,72.77149963,% población,https://data.worldbank.org/indicator/IT.NET.USER.ZS?locations=PA,2026-10-07T18:15:36Z,CC BY 4.0
PAN,NE.EXP.GNFS.ZS,Exports of goods and services (% of GDP),2010,70.025242127624,% del PIB,https://data.worldbank.org/indicator/NE.EXP.GNFS.ZS?locations=PA,2026-10-07T18:15:36Z,CC BY 4.0
PAN,NE.EXP.GNFS.ZS,Exports of goods and services (% of GDP),2011,77.7456721038553,% del PIB,https://data.worldbank.org/indicator/NE.EXP.GNFS.ZS?locations=PA,2026-10-07T18:15:36Z,CC BY 4.0
PAN,NE.EXP.GNFS.ZS,Exports of goods and services (% of GDP),2012,74.5443157318036,% del PIB,https://data.worldbank.org/indicator/NE.EXP.GNFS.ZS?locations=PA,2026-10-07T18:15:36Z,CC BY 4.0
PAN,NE.EXP.GNFS.ZS,Exports of goods and services (% of GDP),2013,64.5610772417975,% del PIB,https://data.worldbank.org/indicator/NE.EXP.GNFS.ZS?locations=PA,2026-10-07T18:15:36Z,CC BY 4.0
PAN,NE.EXP.GNFS.ZS,Exports of goods and services (% of GDP),2014,54.8890820412486,% del PIB,https://data.worldbank.org/indicator/NE.EXP.GNFS.ZS?locations=PA,2026-10-07T18:15:36Z,CC BY 4.0
PAN,NE.EXP.GNFS.ZS,Exports of goods and services (% of GDP),2015,47.3866198943049,% del PIB,https://data.worldbank.org/indicator/NE.EXP.GNFS.ZS?locations=PA,2026-10-07T18:15:36Z,CC BY 4.0
PAN,NE.EXP.GNFS.ZS,Exports of goods and services (% of GDP),2016,41.7407554754564,% del PIB,https://data.worldbank.org/indicator/NE.EXP.GNFS.ZS?locations=PA,2026-10-07T18:15:36Z,CC BY 4.0
PAN,NE.EXP.GNFS.ZS,Exports of goods and services (% of GDP),2017,41.4710106917443,% del PIB,https://data.worldbank.org/indicator/NE.EXP.GNFS.ZS?locations=PA,2026-10-07T18:15:36Z,CC BY 4.0
PAN,NE.EXP.GNFS.ZS,Exports of goods and services (% of GDP),2018,42.3471044929045,% del PIB,https://data.worldbank.org/indicator/NE.EXP.GNFS.ZS?locations=PA,2026-10-07T18:15:36Z,CC BY 4.0
PAN,NE.EXP.GNFS.ZS,Exports of goods and services (% of GDP),2019,40.2141745207689,% del PIB,https://data.worldbank.org/indicator/NE.EXP.GNFS.ZS?locations=PA,2026-10-07T18:15:36Z,CC BY 4.0
PAN,NE.EXP.GNFS.ZS,Exports of goods and services (% of GDP),2020,36.269088105591,% del PIB,https://data.worldbank.org/indicator/NE.EXP.GNFS.ZS?locations=PA,2026-10-07T18:15:36Z,CC BY 4.0
PAN,NE.EXP.GNFS.ZS,Exports of goods and services (% of GDP),2021,41.6067039493249,% del PIB,https://data.worldbank.org/indicator/NE.EXP.GNFS.ZS?locations=PA,2026-10-07T18:15:36Z,CC BY 4.0
PAN,NE.EXP.GNFS.ZS,Exports of goods and services (% of GDP),2022,48.0265978360198,% del PIB,https://data.worldbank.org/indicator/NE.EXP.GNFS.ZS?locations=PA,2026-10-07T18:15:36Z,CC BY 4.0
PAN,NE.EXP.GNFS.ZS,Exports of goods and services (% of GDP),2023,45.6292440025453,% del PIB,https://data.worldbank.org/indicator/NE.EXP.GNFS.ZS?locations=PA,2026-10-07T18:15:36Z,CC BY 4.0
PAN,NE.EXP.GNFS.ZS,Exports of goods and services (% of GDP),2024,44.3578422661429,% del PIB,https://data.worldbank.org/indicator/NE.EXP.GNFS.ZS?locations=PA,2026-10-07T18:15:36Z,CC BY 4.0
CRI,NY.GDP.MKTP.KD.ZG,GDP growth (annual %),2010,5.36034347722267,%,https://data.worldbank.org/indicator/NY.GDP.MKTP.KD.ZG?locations=CR,2026-10-07T18:15:36Z,CC BY 4.0
CRI,NY.GDP.MKTP.KD.ZG,GDP growth (annual %),2011,4.40315921836142,%,https://data.worldbank.org/indicator/NY.GDP.MKTP.KD.ZG?locations=CR,2026-10-07T18:15:36Z,CC BY 4.0
CRI,NY.GDP.MKTP.KD.ZG,GDP growth (annual %),2012,4.88259252932575,%,https://data.worldbank.org/indicator/NY.GDP.MKTP.KD.ZG?locations=CR,2026-10-07T18:15:36Z,CC BY 4.0
CRI,NY.GDP.MKTP.KD.ZG,GDP growth (annual %),2013,2.49476596233289,%,https://data.worldbank.org/indicator/NY.GDP.MKTP.KD.ZG?locations=CR,2026-10-07T18:15:36Z,CC BY 4.0
CRI,NY.GDP.MKTP.KD.ZG,GDP growth (annual %),2014,3.54210997703849,%,https://data.worldbank.org/indicator/NY.GDP.MKTP.KD.ZG?locations=CR,2026-10-07T18:15:36Z,CC BY 4.0
CRI,NY.GDP.MKTP.KD.ZG,GDP growth (annual %),2015,3.65208093006359,%,https://data.worldbank.org/indicator/NY.GDP.MKTP.KD.ZG?locations=CR,2026-10-07T18:15:36Z,CC BY 4.0
CRI,NY.GDP.MKTP.KD.ZG,GDP growth (annual %),2016,4.20432320775184,%,https://data.worldbank.org/indicator/NY.GDP.MKTP.KD.ZG?locations=CR,2026-10-07T18:15:36Z,CC BY 4.0
CRI,NY.GDP.MKTP.KD.ZG,GDP growth (annual %),2017,4.15769914676933,%,https://data.worldbank.org/indicator/NY.GDP.MKTP.KD.ZG?locations=CR,2026-10-07T18:15:36Z,CC BY 4.0
CRI,NY.GDP.MKTP.KD.ZG,GDP growth (annual %),2018,2.85285959760458,%,https://data.worldbank.org/indicator/NY.GDP.MKTP.KD.ZG?locations=CR,2026-10-07T18:15:36Z,CC BY 4.0
CRI,NY.GDP.MKTP.KD.ZG,GDP growth (annual %),2019,2.70813912948329,%,https://data.worldbank.org/indicator/NY.GDP.MKTP.KD.ZG?locations=CR,2026-10-07T18:15:36Z,CC BY 4.0
CRI,NY.GDP.MKTP.KD.ZG,GDP growth (annual %),2020,-4.14159340574358,%,https://data.worldbank.org/indicator/NY.GDP.MKTP.KD.ZG?locations=CR,2026-10-07T18:15:36Z,CC BY 4.0
CRI,NY.GDP.MKTP.KD.ZG,GDP growth (annual %),2021,8.21817953969082,%,https://data.worldbank.org/indicator/NY.GDP.MKTP.KD.ZG?locations=CR,2026-10-07T18:15:36Z,CC BY 4.0
CRI,NY.GDP.MKTP.KD.ZG,GDP growth (annual %),2022,5.46119455235068,%,https://data.worldbank.org/indicator/NY.GDP.MKTP.KD.ZG?locations=CR,2026-10-07T18:15:36Z,CC BY 4.0
CRI,NY.GDP.MKTP.KD.ZG,GDP growth (annual %),2023,4.79187732359398,%,https://data.worldbank.org/indicator/NY.GDP.MKTP.KD.ZG?locations=CR,2026-10-07T18:15:36Z,CC BY 4.0
CRI,NY.GDP.MKTP.KD.ZG,GDP growth (annual %),2024,4.08292444182048,%,https://data.worldbank.org/indicator/NY.GDP.MKTP.KD.ZG?locations=CR,2026-10-07T18:15:36Z,CC BY 4.0
CRI,FP.CPI.TOTL.ZG,"Inflation, consumer prices (annual %)",2010,5.66275708420021,%,https://data.worldbank.org/indicator/FP.CPI.TOTL.ZG?locations=CR,2026-10-07T18:15:36Z,CC BY 4.0
CRI,FP.CPI.TOTL.ZG,"Inflation, consumer prices (annual %)",2011,4.87799830970702,%,https://data.worldbank.org/indicator/FP.CPI.TOTL.ZG?locations=CR,2026-10-07T18:15:36Z,CC BY 4.0
CRI,FP.CPI.TOTL.ZG,"Inflation, consumer prices (annual %)",2012,4.49545314354605,%,https://data.worldbank.org/indicator/FP.CPI.TOTL.ZG?locations=CR,2026-10-07T18:15:36Z,CC BY 4.0
CRI,FP.CPI.TOTL.ZG,"Inflation, consumer prices (annual %)",2013,5.23133614174428,%,https://data.worldbank.org/indicator/FP.CPI.TOTL.ZG?locations=CR,2026-10-07T18:15:36Z,CC BY 4.0
CRI,FP.CPI.TOTL.ZG,"Inflation, consumer prices (annual %)",2014,4.51920098516954,%,https://data.worldbank.org/indicator/FP.CPI.TOTL.ZG?locations=CR,2026-10-07T18:15:36Z,CC BY 4.0
CRI,FP.CPI.TOTL.ZG,"Inflation, consumer prices (annual %)",2015,0.801982005099623,%,https://data.worldbank.org/indicator/FP.CPI.TOTL.ZG?locations=CR,2026-10-07T18:15:36Z,CC BY 4.0
CRI,FP.CPI.TOTL.ZG,"Inflation, consumer prices (annual %)",2016,-0.0174788505908217,%,https://data.worldbank.org/indicator/FP.CPI.TOTL.ZG?locations=CR,2026-10-07T18:15:36Z,CC BY 4.0
CRI,FP.CPI.TOTL.ZG,"Inflation, consumer prices (annual %)",2017,1.62590692991732,%,https://data.worldbank.org/indicator/FP.CPI.TOTL.ZG?locations=CR,2026-10-07T18:15:36Z,CC BY 4.0
CRI,FP.CPI.TOTL.ZG,"Inflation, consumer prices (annual %)",2018,2.22111461526581,%,https://data.worldbank.org/indicator/FP.CPI.TOTL.ZG?locations=CR,2026-10-07T18:15:36Z,CC BY 4.0
CRI,FP.CPI.TOTL.ZG,"Inflation, consumer prices (annual %)",2019,2.09604635327807,%,https://data.worldbank.org/indicator/FP.CPI.TOTL.ZG?locations=CR,2026-10-07T18:15:36Z,CC BY 4.0
CRI,FP.CPI.TOTL.ZG,"Inflation, consumer prices (annual %)",2020,0.724911478131376,%,https://data.worldbank.org/indicator/FP.CPI.TOTL.ZG?locations=CR,2026-10-07T18:15:36Z,CC BY 4.0
CRI,FP.CPI.TOTL.ZG,"Inflation, consumer prices (annual %)",2021,1.72647755109241,%,https://data.worldbank.org/indicator/FP.CPI.TOTL.ZG?locations=CR,2026-10-07T18:15:36Z,CC BY 4.0
CRI,FP.CPI.TOTL.ZG,"Inflation, consumer prices (annual %)",2022,8.27477490232654,%,https://data.worldbank.org/indicator/FP.CPI.TOTL.ZG?locations=CR,2026-10-07T18:15:36Z,CC BY 4.0
CRI,FP.CPI.TOTL.ZG,"Inflation, consumer prices (annual %)",2023,0.525193508693455,%,https://data.worldbank.org/indicator/FP.CPI.TOTL.ZG?locations=CR,2026-10-07T18:15:36Z,CC BY 4.0
CRI,FP.CPI.TOTL.ZG,"Inflation, consumer prices (annual %)",2024,-0.412853001047069,%,https://data.worldbank.org/indicator/FP.CPI.TOTL.ZG?locations=CR,2026-10-07T18:15:36Z,CC BY 4.0
CRI,SL.UEM.TOTL.ZS,"Unemployment, total (% of total labor force) (modeled ILO estimate)",2010,7.171,% fuerza laboral,https://data.worldbank.org/indicator/SL.UEM.TOTL.ZS?locations=CR,2026-10-07T18:15:36Z,CC BY 4.0
CRI,SL.UEM.TOTL.ZS,"Unemployment, total (% of total labor force) (modeled ILO estimate)",2011,9.518,% fuerza laboral,https://data.worldbank.org/indicator/SL.UEM.TOTL.ZS?locations=CR,2026-10-07T18:15:36Z,CC BY 4.0
CRI,SL.UEM.TOTL.ZS,"Unemployment, total (% of total labor force) (modeled ILO estimate)",2012,9.11,% fuerza laboral,https://data.worldbank.org/indicator/SL.UEM.TOTL.ZS?locations=CR,2026-10-07T18:15:36Z,CC BY 4.0
CRI,SL.UEM.TOTL.ZS,"Unemployment, total (% of total labor force) (modeled ILO estimate)",2013,8.218,% fuerza laboral,https://data.worldbank.org/indicator/SL.UEM.TOTL.ZS?locations=CR,2026-10-07T18:15:36Z,CC BY 4.0
CRI,SL.UEM.TOTL.ZS,"Unemployment, total (% of total labor force) (modeled ILO estimate)",2014,8.499,% fuerza laboral,https://data.worldbank.org/indicator/SL.UEM.TOTL.ZS?locations=CR,2026-10-07T18:15:36Z,CC BY 4.0
CRI,SL.UEM.TOTL.ZS,"Unemployment, total (% of total labor force) (modeled ILO estimate)",2015,8.415,% fuerza laboral,https://data.worldbank.org/indicator/SL.UEM.TOTL.ZS?locations=CR,2026-10-07T18:15:36Z,CC BY 4.0
CRI,SL.UEM.TOTL.ZS,"Unemployment, total (% of total labor force) (modeled ILO estimate)",2016,8.085,% fuerza laboral,https://data.worldbank.org/indicator/SL.UEM.TOTL.ZS?locations=CR,2026-10-07T18:15:36Z,CC BY 4.0
CRI,SL.UEM.TOTL.ZS,"Unemployment, total (% of total labor force) (modeled ILO estimate)",2017,7.729,% fuerza laboral,https://data.worldbank.org/indicator/SL.UEM.TOTL.ZS?locations=CR,2026-10-07T18:15:36Z,CC BY 4.0
CRI,SL.UEM.TOTL.ZS,"Unemployment, total (% of total labor force) (modeled ILO estimate)",2018,9.01,% fuerza laboral,https://data.worldbank.org/indicator/SL.UEM.TOTL.ZS?locations=CR,2026-10-07T18:15:36Z,CC BY 4.0
CRI,SL.UEM.TOTL.ZS,"Unemployment, total (% of total labor force) (modeled ILO estimate)",2019,10.807,% fuerza laboral,https://data.worldbank.org/indicator/SL.UEM.TOTL.ZS?locations=CR,2026-10-07T18:15:36Z,CC BY 4.0
CRI,SL.UEM.TOTL.ZS,"Unemployment, total (% of total labor force) (modeled ILO estimate)",2020,16.432,% fuerza laboral,https://data.worldbank.org/indicator/SL.UEM.TOTL.ZS?locations=CR,2026-10-07T18:15:36Z,CC BY 4.0
CRI,SL.UEM.TOTL.ZS,"Unemployment, total (% of total labor force) (modeled ILO estimate)",2021,15.139,% fuerza laboral,https://data.worldbank.org/indicator/SL.UEM.TOTL.ZS?locations=CR,2026-10-07T18:15:36Z,CC BY 4.0
CRI,SL.UEM.TOTL.ZS,"Unemployment, total (% of total labor force) (modeled ILO estimate)",2022,11.325,% fuerza laboral,https://data.worldbank.org/indicator/SL.UEM.TOTL.ZS?locations=CR,2026-10-07T18:15:36Z,CC BY 4.0
CRI,SL.UEM.TOTL.ZS,"Unemployment, total (% of total labor force) (modeled ILO estimate)",2023,8.325,% fuerza laboral,https://data.worldbank.org/indicator/SL.UEM.TOTL.ZS?locations=CR,2026-10-07T18:15:36Z,CC BY 4.0
CRI,SL.UEM.TOTL.ZS,"Unemployment, total (% of total labor force) (modeled ILO estimate)",2024,6.936,% fuerza laboral,https://data.worldbank.org/indicator/SL.UEM.TOTL.ZS?locations=CR,2026-10-07T18:15:36Z,CC BY 4.0
CRI,SP.POP.TOTL,"Population, total",2010,4555962,personas,https://data.worldbank.org/indicator/SP.POP.TOTL?locations=CR,2026-10-07T18:15:36Z,CC BY 4.0
CRI,SP.POP.TOTL,"Population, total",2011,4609833,personas,https://data.worldbank.org/indicator/SP.POP.TOTL?locations=CR,2026-10-07T18:15:36Z,CC BY 4.0
CRI,SP.POP.TOTL,"Population, total",2012,4663934,personas,https://data.worldbank.org/indicator/SP.POP.TOTL?locations=CR,2026-10-07T18:15:36Z,CC BY 4.0
CRI,SP.POP.TOTL,"Population, total",2013,4716147,personas,https://data.worldbank.org/indicator/SP.POP.TOTL?locations=CR,2026-10-07T18:15:36Z,CC BY 4.0
CRI,SP.POP.TOTL,"Population, total",2014,4767119,personas,https://data.worldbank.org/indicator/SP.POP.TOTL?locations=CR,2026-10-07T18:15:36Z,CC BY 4.0
CRI,SP.POP.TOTL,"Population, total",2015,4818038,personas,https://data.worldbank.org/indicator/SP.POP.TOTL?locations=CR,2026-10-07T18:15:36Z,CC BY 4.0
CRI,SP.POP.TOTL,"Population, total",2016,4866998,personas,https://data.worldbank.org/indicator/SP.POP.TOTL?locations=CR,2026-10-07T18:15:36Z,CC BY 4.0
CRI,SP.POP.TOTL,"Population, total",2017,4913177,personas,https://data.worldbank.org/indicator/SP.POP.TOTL?locations=CR,2026-10-07T18:15:36Z,CC BY 4.0
CRI,SP.POP.TOTL,"Population, total",2018,4957818,personas,https://data.worldbank.org/indicator/SP.POP.TOTL?locations=CR,2026-10-07T18:15:36Z,CC BY 4.0
CRI,SP.POP.TOTL,"Population, total",2019,4999553,personas,https://data.worldbank.org/indicator/SP.POP.TOTL?locations=CR,2026-10-07T18:15:36Z,CC BY 4.0
CRI,SP.POP.TOTL,"Population, total",2020,5034320,personas,https://data.worldbank.org/indicator/SP.POP.TOTL?locations=CR,2026-10-07T18:15:36Z,CC BY 4.0
CRI,SP.POP.TOTL,"Population, total",2021,5059988,personas,https://data.worldbank.org/indicator/SP.POP.TOTL?locations=CR,2026-10-07T18:15:36Z,CC BY 4.0
CRI,SP.POP.TOTL,"Population, total",2022,5081765,personas,https://data.worldbank.org/indicator/SP.POP.TOTL?locations=CR,2026-10-07T18:15:36Z,CC BY 4.0
CRI,SP.POP.TOTL,"Population, total",2023,5105525,personas,https://data.worldbank.org/indicator/SP.POP.TOTL?locations=CR,2026-10-07T18:15:36Z,CC BY 4.0
CRI,SP.POP.TOTL,"Population, total",2024,5129910,personas,https://data.worldbank.org/indicator/SP.POP.TOTL?locations=CR,2026-10-07T18:15:36Z,CC BY 4.0
CRI,IT.NET.USER.ZS,Individuals using the Internet (% of population),2010,36.5,% población,https://data.worldbank.org/indicator/IT.NET.USER.ZS?locations=CR,2026-10-07T18:15:36Z,CC BY 4.0
CRI,IT.NET.USER.ZS,Individuals using the Internet (% of population),2011,39.2121959961842,% población,https://data.worldbank.org/indicator/IT.NET.USER.ZS?locations=CR,2026-10-07T18:15:36Z,CC BY 4.0
CRI,IT.NET.USER.ZS,Individuals using the Internet (% of population),2012,47.5,% población,https://data.worldbank.org/indicator/IT.NET.USER.ZS?locations=CR,2026-10-07T18:15:36Z,CC BY 4.0
CRI,IT.NET.USER.ZS,Individuals using the Internet (% of population),2013,45.96,% población,https://data.worldbank.org/indicator/IT.NET.USER.ZS?locations=CR,2026-10-07T18:15:36Z,CC BY 4.0
CRI,IT.NET.USER.ZS,Individuals using the Internet (% of population),2014,53,% población,https://data.worldbank.org/indicator/IT.NET.USER.ZS?locations=CR,2026-10-07T18:15:36Z,CC BY 4.0
CRI,IT.NET.USER.ZS,Individuals using the Internet (% of population),2015,59.7629501371681,% población,https://data.worldbank.org/indicator/IT.NET.USER.ZS?locations=CR,2026-10-07T18:15:36Z,CC BY 4.0
CRI,IT.NET.USER.ZS,Individuals using the Internet (% of population),2016,65.8804491942718,% población,https://data.worldbank.org/indicator/IT.NET.USER.ZS?locations=CR,2026-10-07T18:15:36Z,CC BY 4.0
CRI,IT.NET.USER.ZS,Individuals using the Internet (% of population),2017,71.5816646195022,% población,https://data.worldbank.org/indicator/IT.NET.USER.ZS?locations=CR,2026-10-07T18:15:36Z,CC BY 4.0
CRI,IT.NET.USER.ZS,Individuals using the Internet (% of population),2018,73.4797284369906,% población,https://data.worldbank.org/indicator/IT.NET.USER.ZS?locations=CR,2026-10-07T18:15:36Z,CC BY 4.0
CRI,IT.NET.USER.ZS,Individuals using the Internet (% of population),2019,81.2025964435269,% población,https://data.worldbank.org/indicator/IT.NET.USER.ZS?locations=CR,2026-10-07T18:15:36Z,CC BY 4.0
CRI,IT.NET.USER.ZS,Individuals using the Internet (% of population),2020,80.53018608,% población,https://data.worldbank.org/indicator/IT.NET.USER.ZS?locations=CR,2026-10-07T18:15:36Z,CC BY 4.0
CRI,IT.NET.USER.ZS,Individuals using the Internet (% of population),2021,82.74901607,% población,https://data.worldbank.org/indicator/IT.NET.USER.ZS?locations=CR,2026-10-07T18:15:36Z,CC BY 4.0
CRI,IT.NET.USER.ZS,Individuals using the Internet (% of population),2022,82.59801121,% población,https://data.worldbank.org/indicator/IT.NET.USER.ZS?locations=CR,2026-10-07T18:15:36Z,CC BY 4.0
CRI,IT.NET.USER.ZS,Individuals using the Internet (% of population),2023,85.39514799,% población,https://data.worldbank.org/indicator/IT.NET.USER.ZS?locations=CR,2026-10-07T18:15:36Z,CC BY 4.0
CRI,IT.NET.USER.ZS,Individuals using the Internet (% of population),2024,87.17019653,% población,https://data.worldbank.org/indicator/IT.NET.USER.ZS?locations=CR,2026-10-07T18:15:36Z,CC BY 4.0
CRI,NE.EXP.GNFS.ZS,Exports of goods and services (% of GDP),2010,32.8294112720049,% del PIB,https://data.worldbank.org/indicator/NE.EXP.GNFS.ZS?locations=CR,2026-10-07T18:15:36Z,CC BY 4.0
CRI,NE.EXP.GNFS.ZS,Exports of goods and services (% of GDP),2011,32.4724707460503,% del PIB,https://data.worldbank.org/indicator/NE.EXP.GNFS.ZS?locations=CR,2026-10-07T18:15:36Z,CC BY 4.0
CRI,NE.EXP.GNFS.ZS,Exports of goods and services (% of GDP),2012,31.6513172644756,% del PIB,https://data.worldbank.org/indicator/NE.EXP.GNFS.ZS?locations=CR,2026-10-07T18:15:36Z,CC BY 4.0
CRI,NE.EXP.GNFS.ZS,Exports of goods and services (% of GDP),2013,30.5916494074101,% del PIB,https://data.worldbank.org/indicator/NE.EXP.GNFS.ZS?locations=CR,2026-10-07T18:15:36Z,CC BY 4.0
CRI,NE.EXP.GNFS.ZS,Exports of goods and services (% of GDP),2014,31.362915449766,% del PIB,https://data.worldbank.org/indicator/NE.EXP.GNFS.ZS?locations=CR,2026-10-07T18:15:36Z,CC BY 4.0
CRI,NE.EXP.GNFS.ZS,Exports of goods and services (% of GDP),2015,29.9956579824958,% del PIB,https://data.worldbank.org/indicator/NE.EXP.GNFS.ZS?locations=CR,2026-10-07T18:15:36Z,CC BY 4.0
CRI,NE.EXP.GNFS.ZS,Exports of goods and services (% of GDP),2016,31.2600961080703,% del PIB,https://data.worldbank.org/indicator/NE.EXP.GNFS.ZS?locations=CR,2026-10-07T18:15:36Z,CC BY 4.0
CRI,NE.EXP.GNFS.ZS,Exports of goods and services (% of GDP),2017,32.7626831133763,% del PIB,https://data.worldbank.org/indicator/NE.EXP.GNFS.ZS?locations=CR,2026-10-07T18:15:36Z,CC BY 4.0
CRI,NE.EXP.GNFS.ZS,Exports of goods and services (% of GDP),2018,33.6589195458941,% del PIB,https://data.worldbank.org/indicator/NE.EXP.GNFS.ZS?locations=CR,2026-10-07T18:15:36Z,CC BY 4.0
CRI,NE.EXP.GNFS.ZS,Exports of goods and services (% of GDP),2019,34.1472985859666,% del PIB,https://data.worldbank.org/indicator/NE.EXP.GNFS.ZS?locations=CR,2026-10-07T18:15:36Z,CC BY 4.0
CRI,NE.EXP.GNFS.ZS,Exports of goods and services (% of GDP),2020,31.6977144131717,% del PIB,https://data.worldbank.org/indicator/NE.EXP.GNFS.ZS?locations=CR,2026-10-07T18:15:36Z,CC BY 4.0
CRI,NE.EXP.GNFS.ZS,Exports of goods and services (% of GDP),2021,35.8298587276824,% del PIB,https://data.worldbank.org/indicator/NE.EXP.GNFS.ZS?locations=CR,2026-10-07T18:15:36Z,CC BY 4.0
CRI,NE.EXP.GNFS.ZS,Exports of goods and services (% of GDP),2022,40.5888104743828,% del PIB,https://data.worldbank.org/indicator/NE.EXP.GNFS.ZS?locations=CR,2026-10-07T18:15:36Z,CC BY 4.0
CRI,NE.EXP.GNFS.ZS,Exports of goods and services (% of GDP),2023,38.0957487081207,% del PIB,https://data.worldbank.org/indicator/NE.EXP.GNFS.ZS?locations=CR,2026-10-07T18:15:36Z,CC BY 4.0
CRI,NE.EXP.GNFS.ZS,Exports of goods and services (% of GDP),2024,37.5298397915012,% del PIB,https://data.worldbank.org/indicator/NE.EXP.GNFS.ZS?locations=CR,2026-10-07T18:15:36Z,CC BY 4.0
COL,NY.GDP.MKTP.KD.ZG,GDP growth (annual %),2010,4.49465897070922,%,https://data.worldbank.org/indicator/NY.GDP.MKTP.KD.ZG?locations=CO,2026-10-07T18:15:36Z,CC BY 4.0
COL,NY.GDP.MKTP.KD.ZG,GDP growth (annual %),2011,6.94789198173555,%,https://data.worldbank.org/indicator/NY.GDP.MKTP.KD.ZG?locations=CO,2026-10-07T18:15:36Z,CC BY 4.0
COL,NY.GDP.MKTP.KD.ZG,GDP growth (annual %),2012,3.91263576716115,%,https://data.worldbank.org/indicator/NY.GDP.MKTP.KD.ZG?locations=CO,2026-10-07T18:15:36Z,CC BY 4.0
COL,NY.GDP.MKTP.KD.ZG,GDP growth (annual %),2013,5.13399351995672,%,https://data.worldbank.org/indicator/NY.GDP.MKTP.KD.ZG?locations=CO,2026-10-07T18:15:36Z,CC BY 4.0
COL,NY.GDP.MKTP.KD.ZG,GDP growth (annual %),2014,4.49903000110972,%,https://data.worldbank.org/indicator/NY.GDP.MKTP.KD.ZG?locations=CO,2026-10-07T18:15:36Z,CC BY 4.0
COL,NY.GDP.MKTP.KD.ZG,GDP growth (annual %),2015,2.95590137527523,%,https://data.worldbank.org/indicator/NY.GDP.MKTP.KD.ZG?locations=CO,2026-10-07T18:15:36Z,CC BY 4.0
COL,NY.GDP.MKTP.KD.ZG,GDP growth (annual %),2016,2.08738250162794,%,https://data.worldbank.org/indicator/NY.GDP.MKTP.KD.ZG?locations=CO,2026-10-07T18:15:36Z,CC BY 4.0
COL,NY.GDP.MKTP.KD.ZG,GDP growth (annual %),2017,1.35936086788746,%,https://data.worldbank.org/indicator/NY.GDP.MKTP.KD.ZG?locations=CO,2026-10-07T18:15:36Z,CC BY 4.0
COL,NY.GDP.MKTP.KD.ZG,GDP growth (annual %),2018,2.56432428277704,%,https://data.worldbank.org/indicator/NY.GDP.MKTP.KD.ZG?locations=CO,2026-10-07T18:15:36Z,CC BY 4.0
COL,NY.GDP.MKTP.KD.ZG,GDP growth (annual %),2019,3.18685539245533,%,https://data.worldbank.org/indicator/NY.GDP.MKTP.KD.ZG?locations=CO,2026-10-07T18:15:36Z,CC BY 4.0
COL,NY.GDP.MKTP.KD.ZG,GDP growth (annual %),2020,-7.18591413760859,%,https://data.worldbank.org/indicator/NY.GDP.MKTP.KD.ZG?locations=CO,2026-10-07T18:15:36Z,CC BY 4.0
COL,NY.GDP.MKTP.KD.ZG,GDP growth (annual %),2021,10.8011981904878,%,https://data.worldbank.org/indicator/NY.GDP.MKTP.KD.ZG?locations=CO,2026-10-07T18:15:36Z,CC BY 4.0
COL,NY.GDP.MKTP.KD.ZG,GDP growth (annual %),2022,7.32827729427979,%,https://data.worldbank.org/indicator/NY.GDP.MKTP.KD.ZG?locations=CO,2026-10-07T18:15:36Z,CC BY 4.0
COL,NY.GDP.MKTP.KD.ZG,GDP growth (annual %),2023,0.841819555752039,%,https://data.worldbank.org/indicator/NY.GDP.MKTP.KD.ZG?locations=CO,2026-10-07T18:15:36Z,CC BY 4.0
COL,NY.GDP.MKTP.KD.ZG,GDP growth (annual %),2024,1.49330728771066,%,https://data.worldbank.org/indicator/NY.GDP.MKTP.KD.ZG?locations=CO,2026-10-07T18:15:36Z,CC BY 4.0
COL,FP.CPI.TOTL.ZG,"Inflation, consumer prices (annual %)",2010,2.27200227892008,%,https://data.worldbank.org/indicator/FP.CPI.TOTL.ZG?locations=CO,2026-10-07T18:15:36Z,CC BY 4.0
COL,FP.CPI.TOTL.ZG,"Inflation, consumer prices (annual %)",2011,3.4150334477625,%,https://data.worldbank.org/indicator/FP.CPI.TOTL.ZG?locations=CO,2026-10-07T18:15:36Z,CC BY 4.0
COL,FP.CPI.TOTL.ZG,"Inflation, consumer prices (annual %)",2012,3.16930188840055,%,https://data.worldbank.org/indicator/FP.CPI.TOTL.ZG?locations=CO,2026-10-07T18:15:36Z,CC BY 4.0
COL,FP.CPI.TOTL.ZG,"Inflation, consumer prices (annual %)",2013,2.01699224310383,%,https://data.worldbank.org/indicator/FP.CPI.TOTL.ZG?locations=CO,2026-10-07T18:15:36Z,CC BY 4.0
COL,FP.CPI.TOTL.ZG,"Inflation, consumer prices (annual %)",2014,2.89883787761738,%,https://data.worldbank.org/indicator/FP.CPI.TOTL.ZG?locations=CO,2026-10-07T18:15:36Z,CC BY 4.0
COL,FP.CPI.TOTL.ZG,"Inflation, consumer prices (annual %)",2015,4.9898311584953,%,https://data.worldbank.org/indicator/FP.CPI.TOTL.ZG?locations=CO,2026-10-07T18:15:36Z,CC BY 4.0
COL,FP.CPI.TOTL.ZG,"Inflation, consumer prices (annual %)",2016,7.51346024627675,%,https://data.worldbank.org/indicator/FP.CPI.TOTL.ZG?locations=CO,2026-10-07T18:15:36Z,CC BY 4.0
COL,FP.CPI.TOTL.ZG,"Inflation, consumer prices (annual %)",2017,4.31431325695011,%,https://data.worldbank.org/indicator/FP.CPI.TOTL.ZG?locations=CO,2026-10-07T18:15:36Z,CC BY 4.0
COL,FP.CPI.TOTL.ZG,"Inflation, consumer prices (annual %)",2018,3.24056932930569,%,https://data.worldbank.org/indicator/FP.CPI.TOTL.ZG?locations=CO,2026-10-07T18:15:36Z,CC BY 4.0
COL,FP.CPI.TOTL.ZG,"Inflation, consumer prices (annual %)",2019,3.52301932741447,%,https://data.worldbank.org/indicator/FP.CPI.TOTL.ZG?locations=CO,2026-10-07T18:15:36Z,CC BY 4.0
COL,FP.CPI.TOTL.ZG,"Inflation, consumer prices (annual %)",2020,2.52663500084706,%,https://data.worldbank.org/indicator/FP.CPI.TOTL.ZG?locations=CO,2026-10-07T18:15:36Z,CC BY 4.0
COL,FP.CPI.TOTL.ZG,"Inflation, consumer prices (annual %)",2021,3.49505757399448,%,https://data.worldbank.org/indicator/FP.CPI.TOTL.ZG?locations=CO,2026-10-07T18:15:36Z,CC BY 4.0
COL,FP.CPI.TOTL.ZG,"Inflation, consumer prices (annual %)",2022,10.1772313546166,%,https://data.worldbank.org/indicator/FP.CPI.TOTL.ZG?locations=CO,2026-10-07T18:15:36Z,CC BY 4.0
COL,FP.CPI.TOTL.ZG,"Inflation, consumer prices (annual %)",2023,11.7359044948689,%,https://data.worldbank.org/indicator/FP.CPI.TOTL.ZG?locations=CO,2026-10-07T18:15:36Z,CC BY 4.0
COL,FP.CPI.TOTL.ZG,"Inflation, consumer prices (annual %)",2024,6.60908593728228,%,https://data.worldbank.org/indicator/FP.CPI.TOTL.ZG?locations=CO,2026-10-07T18:15:36Z,CC BY 4.0
COL,SL.UEM.TOTL.ZS,"Unemployment, total (% of total labor force) (modeled ILO estimate)",2010,11.153,% fuerza laboral,https://data.worldbank.org/indicator/SL.UEM.TOTL.ZS?locations=CO,2026-10-07T18:15:36Z,CC BY 4.0
COL,SL.UEM.TOTL.ZS,"Unemployment, total (% of total labor force) (modeled ILO estimate)",2011,10.288,% fuerza laboral,https://data.worldbank.org/indicator/SL.UEM.TOTL.ZS?locations=CO,2026-10-07T18:15:36Z,CC BY 4.0
COL,SL.UEM.TOTL.ZS,"Unemployment, total (% of total labor force) (modeled ILO estimate)",2012,9.959,% fuerza laboral,https://data.worldbank.org/indicator/SL.UEM.TOTL.ZS?locations=CO,2026-10-07T18:15:36Z,CC BY 4.0
COL,SL.UEM.TOTL.ZS,"Unemployment, total (% of total labor force) (modeled ILO estimate)",2013,9.246,% fuerza laboral,https://data.worldbank.org/indicator/SL.UEM.TOTL.ZS?locations=CO,2026-10-07T18:15:36Z,CC BY 4.0
COL,SL.UEM.TOTL.ZS,"Unemployment, total (% of total labor force) (modeled ILO estimate)",2014,8.799,% fuerza laboral,https://data.worldbank.org/indicator/SL.UEM.TOTL.ZS?locations=CO,2026-10-07T18:15:36Z,CC BY 4.0
COL,SL.UEM.TOTL.ZS,"Unemployment, total (% of total labor force) (modeled ILO estimate)",2015,8.572,% fuerza laboral,https://data.worldbank.org/indicator/SL.UEM.TOTL.ZS?locations=CO,2026-10-07T18:15:36Z,CC BY 4.0
COL,SL.UEM.TOTL.ZS,"Unemployment, total (% of total labor force) (modeled ILO estimate)",2016,8.922,% fuerza laboral,https://data.worldbank.org/indicator/SL.UEM.TOTL.ZS?locations=CO,2026-10-07T18:15:36Z,CC BY 4.0
COL,SL.UEM.TOTL.ZS,"Unemployment, total (% of total labor force) (modeled ILO estimate)",2017,9.086,% fuerza laboral,https://data.worldbank.org/indicator/SL.UEM.TOTL.ZS?locations=CO,2026-10-07T18:15:36Z,CC BY 4.0
COL,SL.UEM.TOTL.ZS,"Unemployment, total (% of total labor force) (modeled ILO estimate)",2018,9.36,% fuerza laboral,https://data.worldbank.org/indicator/SL.UEM.TOTL.ZS?locations=CO,2026-10-07T18:15:36Z,CC BY 4.0
COL,SL.UEM.TOTL.ZS,"Unemployment, total (% of total labor force) (modeled ILO estimate)",2019,10.28,% fuerza laboral,https://data.worldbank.org/indicator/SL.UEM.TOTL.ZS?locations=CO,2026-10-07T18:15:36Z,CC BY 4.0
COL,SL.UEM.TOTL.ZS,"Unemployment, total (% of total labor force) (modeled ILO estimate)",2020,15.983,% fuerza laboral,https://data.worldbank.org/indicator/SL.UEM.TOTL.ZS?locations=CO,2026-10-07T18:15:36Z,CC BY 4.0
COL,SL.UEM.TOTL.ZS,"Unemployment, total (% of total labor force) (modeled ILO estimate)",2021,13.898,% fuerza laboral,https://data.worldbank.org/indicator/SL.UEM.TOTL.ZS?locations=CO,2026-10-07T18:15:36Z,CC BY 4.0
COL,SL.UEM.TOTL.ZS,"Unemployment, total (% of total labor force) (modeled ILO estimate)",2022,10.541,% fuerza laboral,https://data.worldbank.org/indicator/SL.UEM.TOTL.ZS?locations=CO,2026-10-07T18:15:36Z,CC BY 4.0
COL,SL.UEM.TOTL.ZS,"Unemployment, total (% of total labor force) (modeled ILO estimate)",2023,9.591,% fuerza laboral,https://data.worldbank.org/indicator/SL.UEM.TOTL.ZS?locations=CO,2026-10-07T18:15:36Z,CC BY 4.0
COL,SL.UEM.TOTL.ZS,"Unemployment, total (% of total labor force) (modeled ILO estimate)",2024,9.619,% fuerza laboral,https://data.worldbank.org/indicator/SL.UEM.TOTL.ZS?locations=CO,2026-10-07T18:15:36Z,CC BY 4.0
COL,SP.POP.TOTL,"Population, total",2010,44777319,personas,https://data.worldbank.org/indicator/SP.POP.TOTL?locations=CO,2026-10-07T18:15:36Z,CC BY 4.0
COL,SP.POP.TOTL,"Population, total",2011,45259614,personas,https://data.worldbank.org/indicator/SP.POP.TOTL?locations=CO,2026-10-07T18:15:36Z,CC BY 4.0
COL,SP.POP.TOTL,"Population, total",2012,45715810,personas,https://data.worldbank.org/indicator/SP.POP.TOTL?locations=CO,2026-10-07T18:15:36Z,CC BY 4.0
COL,SP.POP.TOTL,"Population, total",2013,46151584,personas,https://data.worldbank.org/indicator/SP.POP.TOTL?locations=CO,2026-10-07T18:15:36Z,CC BY 4.0
COL,SP.POP.TOTL,"Population, total",2014,46565429,personas,https://data.worldbank.org/indicator/SP.POP.TOTL?locations=CO,2026-10-07T18:15:36Z,CC BY 4.0
COL,SP.POP.TOTL,"Population, total",2015,46969940,personas,https://data.worldbank.org/indicator/SP.POP.TOTL?locations=CO,2026-10-07T18:15:36Z,CC BY 4.0
COL,SP.POP.TOTL,"Population, total",2016,47437512,personas,https://data.worldbank.org/indicator/SP.POP.TOTL?locations=CO,2026-10-07T18:15:36Z,CC BY 4.0
COL,SP.POP.TOTL,"Population, total",2017,48131078,personas,https://data.worldbank.org/indicator/SP.POP.TOTL?locations=CO,2026-10-07T18:15:36Z,CC BY 4.0
COL,SP.POP.TOTL,"Population, total",2018,49024465,personas,https://data.worldbank.org/indicator/SP.POP.TOTL?locations=CO,2026-10-07T18:15:36Z,CC BY 4.0
COL,SP.POP.TOTL,"Population, total",2019,49907985,personas,https://data.worldbank.org/indicator/SP.POP.TOTL?locations=CO,2026-10-07T18:15:36Z,CC BY 4.0
COL,SP.POP.TOTL,"Population, total",2020,50629997,personas,https://data.worldbank.org/indicator/SP.POP.TOTL?locations=CO,2026-10-07T18:15:36Z,CC BY 4.0
COL,SP.POP.TOTL,"Population, total",2021,51188173,personas,https://data.worldbank.org/indicator/SP.POP.TOTL?locations=CO,2026-10-07T18:15:36Z,CC BY 4.0
COL,SP.POP.TOTL,"Population, total",2022,51737944,personas,https://data.worldbank.org/indicator/SP.POP.TOTL?locations=CO,2026-10-07T18:15:36Z,CC BY 4.0
COL,SP.POP.TOTL,"Population, total",2023,52321152,personas,https://data.worldbank.org/indicator/SP.POP.TOTL?locations=CO,2026-10-07T18:15:36Z,CC BY 4.0
COL,SP.POP.TOTL,"Population, total",2024,52886363,personas,https://data.worldbank.org/indicator/SP.POP.TOTL?locations=CO,2026-10-07T18:15:36Z,CC BY 4.0
COL,IT.NET.USER.ZS,Individuals using the Internet (% of population),2010,36.5,% población,https://data.worldbank.org/indicator/IT.NET.USER.ZS?locations=CO,2026-10-07T18:15:36Z,CC BY 4.0
COL,IT.NET.USER.ZS,Individuals using the Internet (% of population),2011,40.3509157546318,% población,https://data.worldbank.org/indicator/IT.NET.USER.ZS?locations=CO,2026-10-07T18:15:36Z,CC BY 4.0
COL,IT.NET.USER.ZS,Individuals using the Internet (% of population),2012,48.98,% población,https://data.worldbank.org/indicator/IT.NET.USER.ZS?locations=CO,2026-10-07T18:15:36Z,CC BY 4.0
COL,IT.NET.USER.ZS,Individuals using the Internet (% of population),2013,51.7,% población,https://data.worldbank.org/indicator/IT.NET.USER.ZS?locations=CO,2026-10-07T18:15:36Z,CC BY 4.0
COL,IT.NET.USER.ZS,Individuals using the Internet (% of population),2014,52.568136539247,% población,https://data.worldbank.org/indicator/IT.NET.USER.ZS?locations=CO,2026-10-07T18:15:36Z,CC BY 4.0
COL,IT.NET.USER.ZS,Individuals using the Internet (% of population),2015,55.9049725142924,% población,https://data.worldbank.org/indicator/IT.NET.USER.ZS?locations=CO,2026-10-07T18:15:36Z,CC BY 4.0
COL,IT.NET.USER.ZS,Individuals using the Internet (% of population),2016,58.1364935728703,% población,https://data.worldbank.org/indicator/IT.NET.USER.ZS?locations=CO,2026-10-07T18:15:36Z,CC BY 4.0
COL,IT.NET.USER.ZS,Individuals using the Internet (% of population),2017,62.2598803162841,% población,https://data.worldbank.org/indicator/IT.NET.USER.ZS?locations=CO,2026-10-07T18:15:36Z,CC BY 4.0
COL,IT.NET.USER.ZS,Individuals using the Internet (% of population),2018,64.1263768204459,% población,https://data.worldbank.org/indicator/IT.NET.USER.ZS?locations=CO,2026-10-07T18:15:36Z,CC BY 4.0
COL,IT.NET.USER.ZS,Individuals using the Internet (% of population),2019,65.0069007159493,% población,https://data.worldbank.org/indicator/IT.NET.USER.ZS?locations=CO,2026-10-07T18:15:36Z,CC BY 4.0
COL,IT.NET.USER.ZS,Individuals using the Internet (% of population),2020,69.79533474,% población,https://data.worldbank.org/indicator/IT.NET.USER.ZS?locations=CO,2026-10-07T18:15:36Z,CC BY 4.0
COL,IT.NET.USER.ZS,Individuals using the Internet (% of population),2021,73.02837449,% población,https://data.worldbank.org/indicator/IT.NET.USER.ZS?locations=CO,2026-10-07T18:15:36Z,CC BY 4.0
COL,IT.NET.USER.ZS,Individuals using the Internet (% of population),2022,72.79637855,% población,https://data.worldbank.org/indicator/IT.NET.USER.ZS?locations=CO,2026-10-07T18:15:36Z,CC BY 4.0
COL,IT.NET.USER.ZS,Individuals using the Internet (% of population),2023,77.33686322,% población,https://data.worldbank.org/indicator/IT.NET.USER.ZS?locations=CO,2026-10-07T18:15:36Z,CC BY 4.0
COL,IT.NET.USER.ZS,Individuals using the Internet (% of population),2024,79.34543299,% población,https://data.worldbank.org/indicator/IT.NET.USER.ZS?locations=CO,2026-10-07T18:15:36Z,CC BY 4.0
COL,NE.EXP.GNFS.ZS,Exports of goods and services (% of GDP),2010,16.3408447597691,% del PIB,https://data.worldbank.org/indicator/NE.EXP.GNFS.ZS?locations=CO,2026-10-07T18:15:36Z,CC BY 4.0
COL,NE.EXP.GNFS.ZS,Exports of goods and services (% of GDP),2011,19.2765050733171,% del PIB,https://data.worldbank.org/indicator/NE.EXP.GNFS.ZS?locations=CO,2026-10-07T18:15:36Z,CC BY 4.0
COL,NE.EXP.GNFS.ZS,Exports of goods and services (% of GDP),2012,18.8112052836654,% del PIB,https://data.worldbank.org/indicator/NE.EXP.GNFS.ZS?locations=CO,2026-10-07T18:15:36Z,CC BY 4.0
COL,NE.EXP.GNFS.ZS,Exports of goods and services (% of GDP),2013,18.0864397214368,% del PIB,https://data.worldbank.org/indicator/NE.EXP.GNFS.ZS?locations=CO,2026-10-07T18:15:36Z,CC BY 4.0
COL,NE.EXP.GNFS.ZS,Exports of goods and services (% of GDP),2014,16.6347491096509,% del PIB,https://data.worldbank.org/indicator/NE.EXP.GNFS.ZS?locations=CO,2026-10-07T18:15:36Z,CC BY 4.0
COL,NE.EXP.GNFS.ZS,Exports of goods and services (% of GDP),2015,15.6502115094968,% del PIB,https://data.worldbank.org/indicator/NE.EXP.GNFS.ZS?locations=CO,2026-10-07T18:15:36Z,CC BY 4.0
COL,NE.EXP.GNFS.ZS,Exports of goods and services (% of GDP),2016,14.7171392781975,% del PIB,https://data.worldbank.org/indicator/NE.EXP.GNFS.ZS?locations=CO,2026-10-07T18:15:36Z,CC BY 4.0
COL,NE.EXP.GNFS.ZS,Exports of goods and services (% of GDP),2017,15.1452897484005,% del PIB,https://data.worldbank.org/indicator/NE.EXP.GNFS.ZS?locations=CO,2026-10-07T18:15:36Z,CC BY 4.0
COL,NE.EXP.GNFS.ZS,Exports of goods and services (% of GDP),2018,15.8997196775431,% del PIB,https://data.worldbank.org/indicator/NE.EXP.GNFS.ZS?locations=CO,2026-10-07T18:15:36Z,CC BY 4.0
COL,NE.EXP.GNFS.ZS,Exports of goods and services (% of GDP),2019,15.8680386541241,% del PIB,https://data.worldbank.org/indicator/NE.EXP.GNFS.ZS?locations=CO,2026-10-07T18:15:36Z,CC BY 4.0
COL,NE.EXP.GNFS.ZS,Exports of goods and services (% of GDP),2020,13.5222755593302,% del PIB,https://data.worldbank.org/indicator/NE.EXP.GNFS.ZS?locations=CO,2026-10-07T18:15:36Z,CC BY 4.0
COL,NE.EXP.GNFS.ZS,Exports of goods and services (% of GDP),2021,16.1970059548864,% del PIB,https://data.worldbank.org/indicator/NE.EXP.GNFS.ZS?locations=CO,2026-10-07T18:15:36Z,CC BY 4.0
COL,NE.EXP.GNFS.ZS,Exports of goods and services (% of GDP),2022,20.3883679938331,% del PIB,https://data.worldbank.org/indicator/NE.EXP.GNFS.ZS?locations=CO,2026-10-07T18:15:36Z,CC BY 4.0
COL,NE.EXP.GNFS.ZS,Exports of goods and services (% of GDP),2023,17.8077746975806,% del PIB,https://data.worldbank.org/indicator/NE.EXP.GNFS.ZS?locations=CO,2026-10-07T18:15:36Z,CC BY 4.0
COL,NE.EXP.GNFS.ZS,Exports of goods and services (% of GDP),2024,16.0804545104347,% del PIB,https://data.worldbank.org/indicator/NE.EXP.GNFS.ZS?locations=CO,2026-10-07T18:15:36Z,CC BY 4.0
DOM,NY.GDP.MKTP.KD.ZG,GDP growth (annual %),2010,8.40114541209596,%,https://data.worldbank.org/indicator/NY.GDP.MKTP.KD.ZG?locations=DO,2026-10-07T18:15:36Z,CC BY 4.0
DOM,NY.GDP.MKTP.KD.ZG,GDP growth (annual %),2011,3.19196227475523,%,https://data.worldbank.org/indicator/NY.GDP.MKTP.KD.ZG?locations=DO,2026-10-07T18:15:36Z,CC BY 4.0
DOM,NY.GDP.MKTP.KD.ZG,GDP growth (annual %),2012,2.77567100848816,%,https://data.worldbank.org/indicator/NY.GDP.MKTP.KD.ZG?locations=DO,2026-10-07T18:15:36Z,CC BY 4.0
DOM,NY.GDP.MKTP.KD.ZG,GDP growth (annual %),2013,4.93473300709881,%,https://data.worldbank.org/indicator/NY.GDP.MKTP.KD.ZG?locations=DO,2026-10-07T18:15:36Z,CC BY 4.0
DOM,NY.GDP.MKTP.KD.ZG,GDP growth (annual %),2014,7.11122629673892,%,https://data.worldbank.org/indicator/NY.GDP.MKTP.KD.ZG?locations=DO,2026-10-07T18:15:36Z,CC BY 4.0
DOM,NY.GDP.MKTP.KD.ZG,GDP growth (annual %),2015,6.98771131236387,%,https://data.worldbank.org/indicator/NY.GDP.MKTP.KD.ZG?locations=DO,2026-10-07T18:15:36Z,CC BY 4.0
DOM,NY.GDP.MKTP.KD.ZG,GDP growth (annual %),2016,6.71974078681295,%,https://data.worldbank.org/indicator/NY.GDP.MKTP.KD.ZG?locations=DO,2026-10-07T18:15:36Z,CC BY 4.0
DOM,NY.GDP.MKTP.KD.ZG,GDP growth (annual %),2017,3.93386176401576,%,https://data.worldbank.org/indicator/NY.GDP.MKTP.KD.ZG?locations=DO,2026-10-07T18:15:36Z,CC BY 4.0
DOM,NY.GDP.MKTP.KD.ZG,GDP growth (annual %),2018,7.09751640210159,%,https://data.worldbank.org/indicator/NY.GDP.MKTP.KD.ZG?locations=DO,2026-10-07T18:15:36Z,CC BY 4.0
DOM,NY.GDP.MKTP.KD.ZG,GDP growth (annual %),2019,4.8940301149584,%,https://data.worldbank.org/indicator/NY.GDP.MKTP.KD.ZG?locations=DO,2026-10-07T18:15:36Z,CC BY 4.0
DOM,NY.GDP.MKTP.KD.ZG,GDP growth (annual %),2020,-7.92905234231061,%,https://data.worldbank.org/indicator/NY.GDP.MKTP.KD.ZG?locations=DO,2026-10-07T18:15:36Z,CC BY 4.0
DOM,NY.GDP.MKTP.KD.ZG,GDP growth (annual %),2021,14.0124289062207,%,https://data.worldbank.org/indicator/NY.GDP.MKTP.KD.ZG?locations=DO,2026-10-07T18:15:36Z,CC BY 4.0
DOM,NY.GDP.MKTP.KD.ZG,GDP growth (annual %),2022,5.23795652902595,%,https://data.worldbank.org/indicator/NY.GDP.MKTP.KD.ZG?locations=DO,2026-10-07T18:15:36Z,CC BY 4.0
DOM,NY.GDP.MKTP.KD.ZG,GDP growth (annual %),2023,2.19229848237939,%,https://data.worldbank.org/indicator/NY.GDP.MKTP.KD.ZG?locations=DO,2026-10-07T18:15:36Z,CC BY 4.0
DOM,NY.GDP.MKTP.KD.ZG,GDP growth (annual %),2024,4.95352204492849,%,https://data.worldbank.org/indicator/NY.GDP.MKTP.KD.ZG?locations=DO,2026-10-07T18:15:36Z,CC BY 4.0
DOM,FP.CPI.TOTL.ZG,"Inflation, consumer prices (annual %)",2010,6.32993220146146,%,https://data.worldbank.org/indicator/FP.CPI.TOTL.ZG?locations=DO,2026-10-07T18:15:36Z,CC BY 4.0
DOM,FP.CPI.TOTL.ZG,"Inflation, consumer prices (annual %)",2011,5.79676809206533,%,https://data.worldbank.org/indicator/FP.CPI.TOTL.ZG?locations=DO,2026-10-07T18:15:36Z,CC BY 4.0
DOM,FP.CPI.TOTL.ZG,"Inflation, consumer prices (annual %)",2012,3.69449707884777,%,https://data.worldbank.org/indicator/FP.CPI.TOTL.ZG?locations=DO,2026-10-07T18:15:36Z,CC BY 4.0
DOM,FP.CPI.TOTL.ZG,"Inflation, consumer prices (annual %)",2013,4.830950967408,%,https://data.worldbank.org/indicator/FP.CPI.TOTL.ZG?locations=DO,2026-10-07T18:15:36Z,CC BY 4.0
DOM,FP.CPI.TOTL.ZG,"Inflation, consumer prices (annual %)",2014,2.99864226125219,%,https://data.worldbank.org/indicator/FP.CPI.TOTL.ZG?locations=DO,2026-10-07T18:15:36Z,CC BY 4.0
DOM,FP.CPI.TOTL.ZG,"Inflation, consumer prices (annual %)",2015,0.836746346724557,%,https://data.worldbank.org/indicator/FP.CPI.TOTL.ZG?locations=DO,2026-10-07T18:15:36Z,CC BY 4.0
DOM,FP.CPI.TOTL.ZG,"Inflation, consumer prices (annual %)",2016,1.61416607245223,%,https://data.worldbank.org/indicator/FP.CPI.TOTL.ZG?locations=DO,2026-10-07T18:15:36Z,CC BY 4.0
DOM,FP.CPI.TOTL.ZG,"Inflation, consumer prices (annual %)",2017,3.27955694678546,%,https://data.worldbank.org/indicator/FP.CPI.TOTL.ZG?locations=DO,2026-10-07T18:15:36Z,CC BY 4.0
DOM,FP.CPI.TOTL.ZG,"Inflation, consumer prices (annual %)",2018,3.56443426013508,%,https://data.worldbank.org/indicator/FP.CPI.TOTL.ZG?locations=DO,2026-10-07T18:15:36Z,CC BY 4.0
DOM,FP.CPI.TOTL.ZG,"Inflation, consumer prices (annual %)",2019,1.81060377042959,%,https://data.worldbank.org/indicator/FP.CPI.TOTL.ZG?locations=DO,2026-10-07T18:15:36Z,CC BY 4.0
DOM,FP.CPI.TOTL.ZG,"Inflation, consumer prices (annual %)",2020,3.78103179915517,%,https://data.worldbank.org/indicator/FP.CPI.TOTL.ZG?locations=DO,2026-10-07T18:15:36Z,CC BY 4.0
DOM,FP.CPI.TOTL.ZG,"Inflation, consumer prices (annual %)",2021,8.24300347981809,%,https://data.worldbank.org/indicator/FP.CPI.TOTL.ZG?locations=DO,2026-10-07T18:15:36Z,CC BY 4.0
DOM,FP.CPI.TOTL.ZG,"Inflation, consumer prices (annual %)",2022,8.81109209279587,%,https://data.worldbank.org/indicator/FP.CPI.TOTL.ZG?locations=DO,2026-10-07T18:15:36Z,CC BY 4.0
DOM,FP.CPI.TOTL.ZG,"Inflation, consumer prices (annual %)",2023,4.78561281021135,%,https://data.worldbank.org/indicator/FP.CPI.TOTL.ZG?locations=DO,2026-10-07T18:15:36Z,CC BY 4.0
DOM,FP.CPI.TOTL.ZG,"Inflation, consumer prices (annual %)",2024,3.30223338951227,%,https://data.worldbank.org/indicator/FP.CPI.TOTL.ZG?locations=DO,2026-10-07T18:15:36Z,CC BY 4.0
DOM,SL.UEM.TOTL.ZS,"Unemployment, total (% of total labor force) (modeled ILO estimate)",2010,5.212,% fuerza laboral,https://data.worldbank.org/indicator/SL.UEM.TOTL.ZS?locations=DO,2026-10-07T18:15:36Z,CC BY 4.0
DOM,SL.UEM.TOTL.ZS,"Unemployment, total (% of total labor force) (modeled ILO estimate)",2011,6.087,% fuerza laboral,https://data.worldbank.org/indicator/SL.UEM.TOTL.ZS?locations=DO,2026-10-07T18:15:36Z,CC BY 4.0
DOM,SL.UEM.TOTL.ZS,"Unemployment, total (% of total labor force) (modeled ILO estimate)",2012,6.722,% fuerza laboral,https://data.worldbank.org/indicator/SL.UEM.TOTL.ZS?locations=DO,2026-10-07T18:15:36Z,CC BY 4.0
DOM,SL.UEM.TOTL.ZS,"Unemployment, total (% of total labor force) (modeled ILO estimate)",2013,7.351,% fuerza laboral,https://data.worldbank.org/indicator/SL.UEM.TOTL.ZS?locations=DO,2026-10-07T18:15:36Z,CC BY 4.0
DOM,SL.UEM.TOTL.ZS,"Unemployment, total (% of total labor force) (modeled ILO estimate)",2014,6.719,% fuerza laboral,https://data.worldbank.org/indicator/SL.UEM.TOTL.ZS?locations=DO,2026-10-07T18:15:36Z,CC BY 4.0
DOM,SL.UEM.TOTL.ZS,"Unemployment, total (% of total labor force) (modeled ILO estimate)",2015,7.605,% fuerza laboral,https://data.worldbank.org/indicator/SL.UEM.TOTL.ZS?locations=DO,2026-10-07T18:15:36Z,CC BY 4.0
DOM,SL.UEM.TOTL.ZS,"Unemployment, total (% of total labor force) (modeled ILO estimate)",2016,7.284,% fuerza laboral,https://data.worldbank.org/indicator/SL.UEM.TOTL.ZS?locations=DO,2026-10-07T18:15:36Z,CC BY 4.0
DOM,SL.UEM.TOTL.ZS,"Unemployment, total (% of total labor force) (modeled ILO estimate)",2017,5.832,% fuerza laboral,https://data.worldbank.org/indicator/SL.UEM.TOTL.ZS?locations=DO,2026-10-07T18:15:36Z,CC BY 4.0
DOM,SL.UEM.TOTL.ZS,"Unemployment, total (% of total labor force) (modeled ILO estimate)",2018,5.861,% fuerza laboral,https://data.worldbank.org/indicator/SL.UEM.TOTL.ZS?locations=DO,2026-10-07T18:15:36Z,CC BY 4.0
DOM,SL.UEM.TOTL.ZS,"Unemployment, total (% of total labor force) (modeled ILO estimate)",2019,6.356,% fuerza laboral,https://data.worldbank.org/indicator/SL.UEM.TOTL.ZS?locations=DO,2026-10-07T18:15:36Z,CC BY 4.0
DOM,SL.UEM.TOTL.ZS,"Unemployment, total (% of total labor force) (modeled ILO estimate)",2020,6.126,% fuerza laboral,https://data.worldbank.org/indicator/SL.UEM.TOTL.ZS?locations=DO,2026-10-07T18:15:36Z,CC BY 4.0
DOM,SL.UEM.TOTL.ZS,"Unemployment, total (% of total labor force) (modeled ILO estimate)",2021,7.702,% fuerza laboral,https://data.worldbank.org/indicator/SL.UEM.TOTL.ZS?locations=DO,2026-10-07T18:15:36Z,CC BY 4.0
DOM,SL.UEM.TOTL.ZS,"Unemployment, total (% of total labor force) (modeled ILO estimate)",2022,5.504,% fuerza laboral,https://data.worldbank.org/indicator/SL.UEM.TOTL.ZS?locations=DO,2026-10-07T18:15:36Z,CC BY 4.0
DOM,SL.UEM.TOTL.ZS,"Unemployment, total (% of total labor force) (modeled ILO estimate)",2023,5.555,% fuerza laboral,https://data.worldbank.org/indicator/SL.UEM.TOTL.ZS?locations=DO,2026-10-07T18:15:36Z,CC BY 4.0
DOM,SL.UEM.TOTL.ZS,"Unemployment, total (% of total labor force) (modeled ILO estimate)",2024,5.312,% fuerza laboral,https://data.worldbank.org/indicator/SL.UEM.TOTL.ZS?locations=DO,2026-10-07T18:15:36Z,CC BY 4.0
DOM,SP.POP.TOTL,"Population, total",2010,9820175,personas,https://data.worldbank.org/indicator/SP.POP.TOTL?locations=DO,2026-10-07T18:15:36Z,CC BY 4.0
DOM,SP.POP.TOTL,"Population, total",2011,9945621,personas,https://data.worldbank.org/indicator/SP.POP.TOTL?locations=DO,2026-10-07T18:15:36Z,CC BY 4.0
DOM,SP.POP.TOTL,"Population, total",2012,10070411,personas,https://data.worldbank.org/indicator/SP.POP.TOTL?locations=DO,2026-10-07T18:15:36Z,CC BY 4.0
DOM,SP.POP.TOTL,"Population, total",2013,10193833,personas,https://data.worldbank.org/indicator/SP.POP.TOTL?locations=DO,2026-10-07T18:15:36Z,CC BY 4.0
DOM,SP.POP.TOTL,"Population, total",2014,10315528,personas,https://data.worldbank.org/indicator/SP.POP.TOTL?locations=DO,2026-10-07T18:15:36Z,CC BY 4.0
DOM,SP.POP.TOTL,"Population, total",2015,10434829,personas,https://data.worldbank.org/indicator/SP.POP.TOTL?locations=DO,2026-10-07T18:15:36Z,CC BY 4.0
DOM,SP.POP.TOTL,"Population, total",2016,10551430,personas,https://data.worldbank.org/indicator/SP.POP.TOTL?locations=DO,2026-10-07T18:15:36Z,CC BY 4.0
DOM,SP.POP.TOTL,"Population, total",2017,10666843,personas,https://data.worldbank.org/indicator/SP.POP.TOTL?locations=DO,2026-10-07T18:15:36Z,CC BY 4.0
DOM,SP.POP.TOTL,"Population, total",2018,10782053,personas,https://data.worldbank.org/indicator/SP.POP.TOTL?locations=DO,2026-10-07T18:15:36Z,CC BY 4.0
DOM,SP.POP.TOTL,"Population, total",2019,10894043,personas,https://data.worldbank.org/indicator/SP.POP.TOTL?locations=DO,2026-10-07T18:15:36Z,CC BY 4.0
DOM,SP.POP.TOTL,"Population, total",2020,11008300,personas,https://data.worldbank.org/indicator/SP.POP.TOTL?locations=DO,2026-10-07T18:15:36Z,CC BY 4.0
DOM,SP.POP.TOTL,"Population, total",2021,11123476,personas,https://data.worldbank.org/indicator/SP.POP.TOTL?locations=DO,2026-10-07T18:15:36Z,CC BY 4.0
DOM,SP.POP.TOTL,"Population, total",2022,11230734,personas,https://data.worldbank.org/indicator/SP.POP.TOTL?locations=DO,2026-10-07T18:15:36Z,CC BY 4.0
DOM,SP.POP.TOTL,"Population, total",2023,11331265,personas,https://data.worldbank.org/indicator/SP.POP.TOTL?locations=DO,2026-10-07T18:15:36Z,CC BY 4.0
DOM,SP.POP.TOTL,"Population, total",2024,11427557,personas,https://data.worldbank.org/indicator/SP.POP.TOTL?locations=DO,2026-10-07T18:15:36Z,CC BY 4.0
DOM,IT.NET.USER.ZS,Individuals using the Internet (% of population),2010,31.39999962,% población,https://data.worldbank.org/indicator/IT.NET.USER.ZS?locations=DO,2026-10-07T18:15:36Z,CC BY 4.0
DOM,IT.NET.USER.ZS,Individuals using the Internet (% of population),2011,38,% población,https://data.worldbank.org/indicator/IT.NET.USER.ZS?locations=DO,2026-10-07T18:15:36Z,CC BY 4.0
DOM,IT.NET.USER.ZS,Individuals using the Internet (% of population),2012,42.32,% población,https://data.worldbank.org/indicator/IT.NET.USER.ZS?locations=DO,2026-10-07T18:15:36Z,CC BY 4.0
DOM,IT.NET.USER.ZS,Individuals using the Internet (% of population),2013,45.9,% población,https://data.worldbank.org/indicator/IT.NET.USER.ZS?locations=DO,2026-10-07T18:15:36Z,CC BY 4.0
DOM,IT.NET.USER.ZS,Individuals using the Internet (% of population),2014,49.58000183,% población,https://data.worldbank.org/indicator/IT.NET.USER.ZS?locations=DO,2026-10-07T18:15:36Z,CC BY 4.0
DOM,IT.NET.USER.ZS,Individuals using the Internet (% of population),2015,54.2157663369785,% población,https://data.worldbank.org/indicator/IT.NET.USER.ZS?locations=DO,2026-10-07T18:15:36Z,CC BY 4.0
DOM,IT.NET.USER.ZS,Individuals using the Internet (% of population),2016,63.8708647408206,% población,https://data.worldbank.org/indicator/IT.NET.USER.ZS?locations=DO,2026-10-07T18:15:36Z,CC BY 4.0
DOM,IT.NET.USER.ZS,Individuals using the Internet (% of population),2017,67.5712453277737,% población,https://data.worldbank.org/indicator/IT.NET.USER.ZS?locations=DO,2026-10-07T18:15:36Z,CC BY 4.0
DOM,IT.NET.USER.ZS,Individuals using the Internet (% of population),2018,74.8220483597284,% población,https://data.worldbank.org/indicator/IT.NET.USER.ZS?locations=DO,2026-10-07T18:15:36Z,CC BY 4.0
DOM,IT.NET.USER.ZS,Individuals using the Internet (% of population),2019,79.71549988,% población,https://data.worldbank.org/indicator/IT.NET.USER.ZS?locations=DO,2026-10-07T18:15:36Z,CC BY 4.0
DOM,IT.NET.USER.ZS,Individuals using the Internet (% of population),2020,81.61730194,% población,https://data.worldbank.org/indicator/IT.NET.USER.ZS?locations=DO,2026-10-07T18:15:36Z,CC BY 4.0
DOM,IT.NET.USER.ZS,Individuals using the Internet (% of population),2021,85.24298638,% población,https://data.worldbank.org/indicator/IT.NET.USER.ZS?locations=DO,2026-10-07T18:15:36Z,CC BY 4.0
DOM,IT.NET.USER.ZS,Individuals using the Internet (% of population),2022,81.51269675,% población,https://data.worldbank.org/indicator/IT.NET.USER.ZS?locations=DO,2026-10-07T18:15:36Z,CC BY 4.0
DOM,IT.NET.USER.ZS,Individuals using the Internet (% of population),2023,86.12689972,% población,https://data.worldbank.org/indicator/IT.NET.USER.ZS?locations=DO,2026-10-07T18:15:36Z,CC BY 4.0
DOM,IT.NET.USER.ZS,Individuals using the Internet (% of population),2024,91.0022446,% población,https://data.worldbank.org/indicator/IT.NET.USER.ZS?locations=DO,2026-10-07T18:15:36Z,CC BY 4.0
DOM,NE.EXP.GNFS.ZS,Exports of goods and services (% of GDP),2010,22.7751186165488,% del PIB,https://data.worldbank.org/indicator/NE.EXP.GNFS.ZS?locations=DO,2026-10-07T18:15:36Z,CC BY 4.0
DOM,NE.EXP.GNFS.ZS,Exports of goods and services (% of GDP),2011,24.3269602141381,% del PIB,https://data.worldbank.org/indicator/NE.EXP.GNFS.ZS?locations=DO,2026-10-07T18:15:36Z,CC BY 4.0
DOM,NE.EXP.GNFS.ZS,Exports of goods and services (% of GDP),2012,24.7666213993906,% del PIB,https://data.worldbank.org/indicator/NE.EXP.GNFS.ZS?locations=DO,2026-10-07T18:15:36Z,CC BY 4.0
DOM,NE.EXP.GNFS.ZS,Exports of goods and services (% of GDP),2013,25.3838177066263,% del PIB,https://data.worldbank.org/indicator/NE.EXP.GNFS.ZS?locations=DO,2026-10-07T18:15:36Z,CC BY 4.0
DOM,NE.EXP.GNFS.ZS,Exports of goods and services (% of GDP),2014,25.4069026925032,% del PIB,https://data.worldbank.org/indicator/NE.EXP.GNFS.ZS?locations=DO,2026-10-07T18:15:36Z,CC BY 4.0
DOM,NE.EXP.GNFS.ZS,Exports of goods and services (% of GDP),2015,24.0368347236543,% del PIB,https://data.worldbank.org/indicator/NE.EXP.GNFS.ZS?locations=DO,2026-10-07T18:15:36Z,CC BY 4.0
DOM,NE.EXP.GNFS.ZS,Exports of goods and services (% of GDP),2016,24.1938670386292,% del PIB,https://data.worldbank.org/indicator/NE.EXP.GNFS.ZS?locations=DO,2026-10-07T18:15:36Z,CC BY 4.0
DOM,NE.EXP.GNFS.ZS,Exports of goods and services (% of GDP),2017,24.1797519638034,% del PIB,https://data.worldbank.org/indicator/NE.EXP.GNFS.ZS?locations=DO,2026-10-07T18:15:36Z,CC BY 4.0
DOM,NE.EXP.GNFS.ZS,Exports of goods and services (% of GDP),2018,23.993089643769,% del PIB,https://data.worldbank.org/indicator/NE.EXP.GNFS.ZS?locations=DO,2026-10-07T18:15:36Z,CC BY 4.0
DOM,NE.EXP.GNFS.ZS,Exports of goods and services (% of GDP),2019,23.325332586795,% del PIB,https://data.worldbank.org/indicator/NE.EXP.GNFS.ZS?locations=DO,2026-10-07T18:15:36Z,CC BY 4.0
DOM,NE.EXP.GNFS.ZS,Exports of goods and services (% of GDP),2020,18.7972072415048,% del PIB,https://data.worldbank.org/indicator/NE.EXP.GNFS.ZS?locations=DO,2026-10-07T18:15:36Z,CC BY 4.0
DOM,NE.EXP.GNFS.ZS,Exports of goods and services (% of GDP),2021,21.5282997986043,% del PIB,https://data.worldbank.org/indicator/NE.EXP.GNFS.ZS?locations=DO,2026-10-07T18:15:36Z,CC BY 4.0
DOM,NE.EXP.GNFS.ZS,Exports of goods and services (% of GDP),2022,22.0261866198241,% del PIB,https://data.worldbank.org/indicator/NE.EXP.GNFS.ZS?locations=DO,2026-10-07T18:15:36Z,CC BY 4.0
DOM,NE.EXP.GNFS.ZS,Exports of goods and services (% of GDP),2023,21.3233165320401,% del PIB,https://data.worldbank.org/indicator/NE.EXP.GNFS.ZS?locations=DO,2026-10-07T18:15:36Z,CC BY 4.0
DOM,NE.EXP.GNFS.ZS,Exports of goods and services (% of GDP),2024,22.7679273981921,% del PIB,https://data.worldbank.org/indicator/NE.EXP.GNFS.ZS?locations=DO,2026-10-07T18:15:36Z,CC BY 4.0
MEX,NY.GDP.MKTP.KD.ZG,GDP growth (annual %),2010,4.9713345832195,%,https://data.worldbank.org/indicator/NY.GDP.MKTP.KD.ZG?locations=MX,2026-10-07T18:15:36Z,CC BY 4.0
MEX,NY.GDP.MKTP.KD.ZG,GDP growth (annual %),2011,3.44404505297089,%,https://data.worldbank.org/indicator/NY.GDP.MKTP.KD.ZG?locations=MX,2026-10-07T18:15:36Z,CC BY 4.0
MEX,NY.GDP.MKTP.KD.ZG,GDP growth (annual %),2012,3.55321076010608,%,https://data.worldbank.org/indicator/NY.GDP.MKTP.KD.ZG?locations=MX,2026-10-07T18:15:36Z,CC BY 4.0
MEX,NY.GDP.MKTP.KD.ZG,GDP growth (annual %),2013,0.852101550164704,%,https://data.worldbank.org/indicator/NY.GDP.MKTP.KD.ZG?locations=MX,2026-10-07T18:15:36Z,CC BY 4.0
MEX,NY.GDP.MKTP.KD.ZG,GDP growth (annual %),2014,2.50376350783593,%,https://data.worldbank.org/indicator/NY.GDP.MKTP.KD.ZG?locations=MX,2026-10-07T18:15:36Z,CC BY 4.0
MEX,NY.GDP.MKTP.KD.ZG,GDP growth (annual %),2015,2.70232343024026,%,https://data.worldbank.org/indicator/NY.GDP.MKTP.KD.ZG?locations=MX,2026-10-07T18:15:36Z,CC BY 4.0
MEX,NY.GDP.MKTP.KD.ZG,GDP growth (annual %),2016,1.7724932254128,%,https://data.worldbank.org/indicator/NY.GDP.MKTP.KD.ZG?locations=MX,2026-10-07T18:15:36Z,CC BY 4.0
MEX,NY.GDP.MKTP.KD.ZG,GDP growth (annual %),2017,1.87172854648381,%,https://data.worldbank.org/indicator/NY.GDP.MKTP.KD.ZG?locations=MX,2026-10-07T18:15:36Z,CC BY 4.0
MEX,NY.GDP.MKTP.KD.ZG,GDP growth (annual %),2018,1.97208211101069,%,https://data.worldbank.org/indicator/NY.GDP.MKTP.KD.ZG?locations=MX,2026-10-07T18:15:36Z,CC BY 4.0
MEX,NY.GDP.MKTP.KD.ZG,GDP growth (annual %),2019,-0.392690513290532,%,https://data.worldbank.org/indicator/NY.GDP.MKTP.KD.ZG?locations=MX,2026-10-07T18:15:36Z,CC BY 4.0
MEX,NY.GDP.MKTP.KD.ZG,GDP growth (annual %),2020,-8.35403459379062,%,https://data.worldbank.org/indicator/NY.GDP.MKTP.KD.ZG?locations=MX,2026-10-07T18:15:36Z,CC BY 4.0
MEX,NY.GDP.MKTP.KD.ZG,GDP growth (annual %),2021,6.04848347173572,%,https://data.worldbank.org/indicator/NY.GDP.MKTP.KD.ZG?locations=MX,2026-10-07T18:15:36Z,CC BY 4.0
MEX,NY.GDP.MKTP.KD.ZG,GDP growth (annual %),2022,3.70975708309098,%,https://data.worldbank.org/indicator/NY.GDP.MKTP.KD.ZG?locations=MX,2026-10-07T18:15:36Z,CC BY 4.0
MEX,NY.GDP.MKTP.KD.ZG,GDP growth (annual %),2023,3.1067964131456,%,https://data.worldbank.org/indicator/NY.GDP.MKTP.KD.ZG?locations=MX,2026-10-07T18:15:36Z,CC BY 4.0
MEX,NY.GDP.MKTP.KD.ZG,GDP growth (annual %),2024,1.35057631384696,%,https://data.worldbank.org/indicator/NY.GDP.MKTP.KD.ZG?locations=MX,2026-10-07T18:15:36Z,CC BY 4.0
MEX,FP.CPI.TOTL.ZG,"Inflation, consumer prices (annual %)",2010,4.15672722680174,%,https://data.worldbank.org/indicator/FP.CPI.TOTL.ZG?locations=MX,2026-10-07T18:15:36Z,CC BY 4.0
MEX,FP.CPI.TOTL.ZG,"Inflation, consumer prices (annual %)",2011,3.40737824605742,%,https://data.worldbank.org/indicator/FP.CPI.TOTL.ZG?locations=MX,2026-10-07T18:15:36Z,CC BY 4.0
MEX,FP.CPI.TOTL.ZG,"Inflation, consumer prices (annual %)",2012,4.11150981070289,%,https://data.worldbank.org/indicator/FP.CPI.TOTL.ZG?locations=MX,2026-10-07T18:15:36Z,CC BY 4.0
MEX,FP.CPI.TOTL.ZG,"Inflation, consumer prices (annual %)",2013,3.80639069747204,%,https://data.worldbank.org/indicator/FP.CPI.TOTL.ZG?locations=MX,2026-10-07T18:15:36Z,CC BY 4.0
MEX,FP.CPI.TOTL.ZG,"Inflation, consumer prices (annual %)",2014,4.01861608078679,%,https://data.worldbank.org/indicator/FP.CPI.TOTL.ZG?locations=MX,2026-10-07T18:15:36Z,CC BY 4.0
MEX,FP.CPI.TOTL.ZG,"Inflation, consumer prices (annual %)",2015,2.72064064964023,%,https://data.worldbank.org/indicator/FP.CPI.TOTL.ZG?locations=MX,2026-10-07T18:15:36Z,CC BY 4.0
MEX,FP.CPI.TOTL.ZG,"Inflation, consumer prices (annual %)",2016,2.8217078474766,%,https://data.worldbank.org/indicator/FP.CPI.TOTL.ZG?locations=MX,2026-10-07T18:15:36Z,CC BY 4.0
MEX,FP.CPI.TOTL.ZG,"Inflation, consumer prices (annual %)",2017,6.04145724018986,%,https://data.worldbank.org/indicator/FP.CPI.TOTL.ZG?locations=MX,2026-10-07T18:15:36Z,CC BY 4.0
MEX,FP.CPI.TOTL.ZG,"Inflation, consumer prices (annual %)",2018,4.89935015356551,%,https://data.worldbank.org/indicator/FP.CPI.TOTL.ZG?locations=MX,2026-10-07T18:15:36Z,CC BY 4.0
MEX,FP.CPI.TOTL.ZG,"Inflation, consumer prices (annual %)",2019,3.63596142127046,%,https://data.worldbank.org/indicator/FP.CPI.TOTL.ZG?locations=MX,2026-10-07T18:15:36Z,CC BY 4.0
MEX,FP.CPI.TOTL.ZG,"Inflation, consumer prices (annual %)",2020,3.39683415570006,%,https://data.worldbank.org/indicator/FP.CPI.TOTL.ZG?locations=MX,2026-10-07T18:15:36Z,CC BY 4.0
MEX,FP.CPI.TOTL.ZG,"Inflation, consumer prices (annual %)",2021,5.68920847683753,%,https://data.worldbank.org/indicator/FP.CPI.TOTL.ZG?locations=MX,2026-10-07T18:15:36Z,CC BY 4.0
MEX,FP.CPI.TOTL.ZG,"Inflation, consumer prices (annual %)",2022,7.8962761916855,%,https://data.worldbank.org/indicator/FP.CPI.TOTL.ZG?locations=MX,2026-10-07T18:15:36Z,CC BY 4.0
MEX,FP.CPI.TOTL.ZG,"Inflation, consumer prices (annual %)",2023,5.52796087314389,%,https://data.worldbank.org/indicator/FP.CPI.TOTL.ZG?locations=MX,2026-10-07T18:15:36Z,CC BY 4.0
MEX,FP.CPI.TOTL.ZG,"Inflation, consumer prices (annual %)",2024,4.72225588452932,%,https://data.worldbank.org/indicator/FP.CPI.TOTL.ZG?locations=MX,2026-10-07T18:15:36Z,CC BY 4.0
MEX,SL.UEM.TOTL.ZS,"Unemployment, total (% of total labor force) (modeled ILO estimate)",2010,5.303,% fuerza laboral,https://data.worldbank.org/indicator/SL.UEM.TOTL.ZS?locations=MX,2026-10-07T18:15:36Z,CC BY 4.0
MEX,SL.UEM.TOTL.ZS,"Unemployment, total (% of total labor force) (modeled ILO estimate)",2011,5.175,% fuerza laboral,https://data.worldbank.org/indicator/SL.UEM.TOTL.ZS?locations=MX,2026-10-07T18:15:36Z,CC BY 4.0
MEX,SL.UEM.TOTL.ZS,"Unemployment, total (% of total labor force) (modeled ILO estimate)",2012,4.892,% fuerza laboral,https://data.worldbank.org/indicator/SL.UEM.TOTL.ZS?locations=MX,2026-10-07T18:15:36Z,CC BY 4.0
MEX,SL.UEM.TOTL.ZS,"Unemployment, total (% of total labor force) (modeled ILO estimate)",2013,4.921,% fuerza laboral,https://data.worldbank.org/indicator/SL.UEM.TOTL.ZS?locations=MX,2026-10-07T18:15:36Z,CC BY 4.0
MEX,SL.UEM.TOTL.ZS,"Unemployment, total (% of total labor force) (modeled ILO estimate)",2014,4.819,% fuerza laboral,https://data.worldbank.org/indicator/SL.UEM.TOTL.ZS?locations=MX,2026-10-07T18:15:36Z,CC BY 4.0
MEX,SL.UEM.TOTL.ZS,"Unemployment, total (% of total labor force) (modeled ILO estimate)",2015,4.311,% fuerza laboral,https://data.worldbank.org/indicator/SL.UEM.TOTL.ZS?locations=MX,2026-10-07T18:15:36Z,CC BY 4.0
MEX,SL.UEM.TOTL.ZS,"Unemployment, total (% of total labor force) (modeled ILO estimate)",2016,3.853,% fuerza laboral,https://data.worldbank.org/indicator/SL.UEM.TOTL.ZS?locations=MX,2026-10-07T18:15:36Z,CC BY 4.0
MEX,SL.UEM.TOTL.ZS,"Unemployment, total (% of total labor force) (modeled ILO estimate)",2017,3.419,% fuerza laboral,https://data.worldbank.org/indicator/SL.UEM.TOTL.ZS?locations=MX,2026-10-07T18:15:36Z,CC BY 4.0
MEX,SL.UEM.TOTL.ZS,"Unemployment, total (% of total labor force) (modeled ILO estimate)",2018,3.275,% fuerza laboral,https://data.worldbank.org/indicator/SL.UEM.TOTL.ZS?locations=MX,2026-10-07T18:15:36Z,CC BY 4.0
MEX,SL.UEM.TOTL.ZS,"Unemployment, total (% of total labor force) (modeled ILO estimate)",2019,3.477,% fuerza laboral,https://data.worldbank.org/indicator/SL.UEM.TOTL.ZS?locations=MX,2026-10-07T18:15:36Z,CC BY 4.0
MEX,SL.UEM.TOTL.ZS,"Unemployment, total (% of total labor force) (modeled ILO estimate)",2020,4.44,% fuerza laboral,https://data.worldbank.org/indicator/SL.UEM.TOTL.ZS?locations=MX,2026-10-07T18:15:36Z,CC BY 4.0
MEX,SL.UEM.TOTL.ZS,"Unemployment, total (% of total labor force) (modeled ILO estimate)",2021,4.019,% fuerza laboral,https://data.worldbank.org/indicator/SL.UEM.TOTL.ZS?locations=MX,2026-10-07T18:15:36Z,CC BY 4.0
MEX,SL.UEM.TOTL.ZS,"Unemployment, total (% of total labor force) (modeled ILO estimate)",2022,3.256,% fuerza laboral,https://data.worldbank.org/indicator/SL.UEM.TOTL.ZS?locations=MX,2026-10-07T18:15:36Z,CC BY 4.0
MEX,SL.UEM.TOTL.ZS,"Unemployment, total (% of total labor force) (modeled ILO estimate)",2023,2.765,% fuerza laboral,https://data.worldbank.org/indicator/SL.UEM.TOTL.ZS?locations=MX,2026-10-07T18:15:36Z,CC BY 4.0
MEX,SL.UEM.TOTL.ZS,"Unemployment, total (% of total labor force) (modeled ILO estimate)",2024,2.678,% fuerza laboral,https://data.worldbank.org/indicator/SL.UEM.TOTL.ZS?locations=MX,2026-10-07T18:15:36Z,CC BY 4.0
MEX,SP.POP.TOTL,"Population, total",2010,113623895,personas,https://data.worldbank.org/indicator/SP.POP.TOTL?locations=MX,2026-10-07T18:15:36Z,CC BY 4.0
MEX,SP.POP.TOTL,"Population, total",2011,115243504,personas,https://data.worldbank.org/indicator/SP.POP.TOTL?locations=MX,2026-10-07T18:15:36Z,CC BY 4.0
MEX,SP.POP.TOTL,"Population, total",2012,116818208,personas,https://data.worldbank.org/indicator/SP.POP.TOTL?locations=MX,2026-10-07T18:15:36Z,CC BY 4.0
MEX,SP.POP.TOTL,"Population, total",2013,118343573,personas,https://data.worldbank.org/indicator/SP.POP.TOTL?locations=MX,2026-10-07T18:15:36Z,CC BY 4.0
MEX,SP.POP.TOTL,"Population, total",2014,119784261,personas,https://data.worldbank.org/indicator/SP.POP.TOTL?locations=MX,2026-10-07T18:15:36Z,CC BY 4.0
MEX,SP.POP.TOTL,"Population, total",2015,121072306,personas,https://data.worldbank.org/indicator/SP.POP.TOTL?locations=MX,2026-10-07T18:15:36Z,CC BY 4.0
MEX,SP.POP.TOTL,"Population, total",2016,122251351,personas,https://data.worldbank.org/indicator/SP.POP.TOTL?locations=MX,2026-10-07T18:15:36Z,CC BY 4.0
MEX,SP.POP.TOTL,"Population, total",2017,123400057,personas,https://data.worldbank.org/indicator/SP.POP.TOTL?locations=MX,2026-10-07T18:15:36Z,CC BY 4.0
MEX,SP.POP.TOTL,"Population, total",2018,124573711,personas,https://data.worldbank.org/indicator/SP.POP.TOTL?locations=MX,2026-10-07T18:15:36Z,CC BY 4.0
MEX,SP.POP.TOTL,"Population, total",2019,125762982,personas,https://data.worldbank.org/indicator/SP.POP.TOTL?locations=MX,2026-10-07T18:15:36Z,CC BY 4.0
MEX,SP.POP.TOTL,"Population, total",2020,126799054,personas,https://data.worldbank.org/indicator/SP.POP.TOTL?locations=MX,2026-10-07T18:15:36Z,CC BY 4.0
MEX,SP.POP.TOTL,"Population, total",2021,127648148,personas,https://data.worldbank.org/indicator/SP.POP.TOTL?locations=MX,2026-10-07T18:15:36Z,CC BY 4.0
MEX,SP.POP.TOTL,"Population, total",2022,128613117,personas,https://data.worldbank.org/indicator/SP.POP.TOTL?locations=MX,2026-10-07T18:15:36Z,CC BY 4.0
MEX,SP.POP.TOTL,"Population, total",2023,129739759,personas,https://data.worldbank.org/indicator/SP.POP.TOTL?locations=MX,2026-10-07T18:15:36Z,CC BY 4.0
MEX,SP.POP.TOTL,"Population, total",2024,130861007,personas,https://data.worldbank.org/indicator/SP.POP.TOTL?locations=MX,2026-10-07T18:15:36Z,CC BY 4.0
MEX,IT.NET.USER.ZS,Individuals using the Internet (% of population),2010,31.05,% población,https://data.worldbank.org/indicator/IT.NET.USER.ZS?locations=MX,2026-10-07T18:15:36Z,CC BY 4.0
MEX,IT.NET.USER.ZS,Individuals using the Internet (% of population),2011,37.1762954125184,% población,https://data.worldbank.org/indicator/IT.NET.USER.ZS?locations=MX,2026-10-07T18:15:36Z,CC BY 4.0
MEX,IT.NET.USER.ZS,Individuals using the Internet (% of population),2012,39.75,% población,https://data.worldbank.org/indicator/IT.NET.USER.ZS?locations=MX,2026-10-07T18:15:36Z,CC BY 4.0
MEX,IT.NET.USER.ZS,Individuals using the Internet (% of population),2013,43.46,% población,https://data.worldbank.org/indicator/IT.NET.USER.ZS?locations=MX,2026-10-07T18:15:36Z,CC BY 4.0
MEX,IT.NET.USER.ZS,Individuals using the Internet (% of population),2014,44.3856962723411,% población,https://data.worldbank.org/indicator/IT.NET.USER.ZS?locations=MX,2026-10-07T18:15:36Z,CC BY 4.0
MEX,IT.NET.USER.ZS,Individuals using the Internet (% of population),2015,57.4310429923633,% población,https://data.worldbank.org/indicator/IT.NET.USER.ZS?locations=MX,2026-10-07T18:15:36Z,CC BY 4.0
MEX,IT.NET.USER.ZS,Individuals using the Internet (% of population),2016,59.5404459967255,% población,https://data.worldbank.org/indicator/IT.NET.USER.ZS?locations=MX,2026-10-07T18:15:36Z,CC BY 4.0
MEX,IT.NET.USER.ZS,Individuals using the Internet (% of population),2017,53.0317886110982,% población,https://data.worldbank.org/indicator/IT.NET.USER.ZS?locations=MX,2026-10-07T18:15:36Z,CC BY 4.0
MEX,IT.NET.USER.ZS,Individuals using the Internet (% of population),2018,56.6595667981289,% población,https://data.worldbank.org/indicator/IT.NET.USER.ZS?locations=MX,2026-10-07T18:15:36Z,CC BY 4.0
MEX,IT.NET.USER.ZS,Individuals using the Internet (% of population),2019,69.6321092705209,% población,https://data.worldbank.org/indicator/IT.NET.USER.ZS?locations=MX,2026-10-07T18:15:36Z,CC BY 4.0
MEX,IT.NET.USER.ZS,Individuals using the Internet (% of population),2020,71.49017499,% población,https://data.worldbank.org/indicator/IT.NET.USER.ZS?locations=MX,2026-10-07T18:15:36Z,CC BY 4.0
MEX,IT.NET.USER.ZS,Individuals using the Internet (% of population),2021,75.62650476,% población,https://data.worldbank.org/indicator/IT.NET.USER.ZS?locations=MX,2026-10-07T18:15:36Z,CC BY 4.0
MEX,IT.NET.USER.ZS,Individuals using the Internet (% of population),2022,78.63217894,% población,https://data.worldbank.org/indicator/IT.NET.USER.ZS?locations=MX,2026-10-07T18:15:36Z,CC BY 4.0
MEX,IT.NET.USER.ZS,Individuals using the Internet (% of population),2023,81.18318755,% población,https://data.worldbank.org/indicator/IT.NET.USER.ZS?locations=MX,2026-10-07T18:15:36Z,CC BY 4.0
MEX,IT.NET.USER.ZS,Individuals using the Internet (% of population),2024,83.12233799,% población,https://data.worldbank.org/indicator/IT.NET.USER.ZS?locations=MX,2026-10-07T18:15:36Z,CC BY 4.0
MEX,NE.EXP.GNFS.ZS,Exports of goods and services (% of GDP),2010,29.0174601175767,% del PIB,https://data.worldbank.org/indicator/NE.EXP.GNFS.ZS?locations=MX,2026-10-07T18:15:36Z,CC BY 4.0
MEX,NE.EXP.GNFS.ZS,Exports of goods and services (% of GDP),2011,30.4429662274867,% del PIB,https://data.worldbank.org/indicator/NE.EXP.GNFS.ZS?locations=MX,2026-10-07T18:15:36Z,CC BY 4.0
MEX,NE.EXP.GNFS.ZS,Exports of goods and services (% of GDP),2012,31.5394503933211,% del PIB,https://data.worldbank.org/indicator/NE.EXP.GNFS.ZS?locations=MX,2026-10-07T18:15:36Z,CC BY 4.0
MEX,NE.EXP.GNFS.ZS,Exports of goods and services (% of GDP),2013,30.7558005807208,% del PIB,https://data.worldbank.org/indicator/NE.EXP.GNFS.ZS?locations=MX,2026-10-07T18:15:36Z,CC BY 4.0
MEX,NE.EXP.GNFS.ZS,Exports of goods and services (% of GDP),2014,31.4629921982533,% del PIB,https://data.worldbank.org/indicator/NE.EXP.GNFS.ZS?locations=MX,2026-10-07T18:15:36Z,CC BY 4.0
MEX,NE.EXP.GNFS.ZS,Exports of goods and services (% of GDP),2015,34.1627726891004,% del PIB,https://data.worldbank.org/indicator/NE.EXP.GNFS.ZS?locations=MX,2026-10-07T18:15:36Z,CC BY 4.0
MEX,NE.EXP.GNFS.ZS,Exports of goods and services (% of GDP),2016,36.8156772514808,% del PIB,https://data.worldbank.org/indicator/NE.EXP.GNFS.ZS?locations=MX,2026-10-07T18:15:36Z,CC BY 4.0
MEX,NE.EXP.GNFS.ZS,Exports of goods and services (% of GDP),2017,37.514088621552,% del PIB,https://data.worldbank.org/indicator/NE.EXP.GNFS.ZS?locations=MX,2026-10-07T18:15:36Z,CC BY 4.0
MEX,NE.EXP.GNFS.ZS,Exports of goods and services (% of GDP),2018,39.0439304387032,% del PIB,https://data.worldbank.org/indicator/NE.EXP.GNFS.ZS?locations=MX,2026-10-07T18:15:36Z,CC BY 4.0
MEX,NE.EXP.GNFS.ZS,Exports of goods and services (% of GDP),2019,38.5296507889335,% del PIB,https://data.worldbank.org/indicator/NE.EXP.GNFS.ZS?locations=MX,2026-10-07T18:15:36Z,CC BY 4.0
MEX,NE.EXP.GNFS.ZS,Exports of goods and services (% of GDP),2020,39.2353720952982,% del PIB,https://data.worldbank.org/indicator/NE.EXP.GNFS.ZS?locations=MX,2026-10-07T18:15:36Z,CC BY 4.0
MEX,NE.EXP.GNFS.ZS,Exports of goods and services (% of GDP),2021,40.5691931964594,% del PIB,https://data.worldbank.org/indicator/NE.EXP.GNFS.ZS?locations=MX,2026-10-07T18:15:36Z,CC BY 4.0
MEX,NE.EXP.GNFS.ZS,Exports of goods and services (% of GDP),2022,42.9322902148243,% del PIB,https://data.worldbank.org/indicator/NE.EXP.GNFS.ZS?locations=MX,2026-10-07T18:15:36Z,CC BY 4.0
MEX,NE.EXP.GNFS.ZS,Exports of goods and services (% of GDP),2023,36.1479343675069,% del PIB,https://data.worldbank.org/indicator/NE.EXP.GNFS.ZS?locations=MX,2026-10-07T18:15:36Z,CC BY 4.0
MEX,NE.EXP.GNFS.ZS,Exports of goods and services (% of GDP),2024,37.2836162309013,% del PIB,https://data.worldbank.org/indicator/NE.EXP.GNFS.ZS?locations=MX,2026-10-07T18:15:36Z,CC BY 4.0
GTM,NY.GDP.MKTP.KD.ZG,GDP growth (annual %),2010,2.88417542800377,%,https://data.worldbank.org/indicator/NY.GDP.MKTP.KD.ZG?locations=GT,2026-10-07T18:15:36Z,CC BY 4.0
GTM,NY.GDP.MKTP.KD.ZG,GDP growth (annual %),2011,4.16390688293349,%,https://data.worldbank.org/indicator/NY.GDP.MKTP.KD.ZG?locations=GT,2026-10-07T18:15:36Z,CC BY 4.0
GTM,NY.GDP.MKTP.KD.ZG,GDP growth (annual %),2012,2.97470856847661,%,https://data.worldbank.org/indicator/NY.GDP.MKTP.KD.ZG?locations=GT,2026-10-07T18:15:36Z,CC BY 4.0
GTM,NY.GDP.MKTP.KD.ZG,GDP growth (annual %),2013,3.69476814623695,%,https://data.worldbank.org/indicator/NY.GDP.MKTP.KD.ZG?locations=GT,2026-10-07T18:15:36Z,CC BY 4.0
GTM,NY.GDP.MKTP.KD.ZG,GDP growth (annual %),2014,4.44397825774911,%,https://data.worldbank.org/indicator/NY.GDP.MKTP.KD.ZG?locations=GT,2026-10-07T18:15:36Z,CC BY 4.0
GTM,NY.GDP.MKTP.KD.ZG,GDP growth (annual %),2015,4.09217170075418,%,https://data.worldbank.org/indicator/NY.GDP.MKTP.KD.ZG?locations=GT,2026-10-07T18:15:36Z,CC BY 4.0
GTM,NY.GDP.MKTP.KD.ZG,GDP growth (annual %),2016,2.6778031930216,%,https://data.worldbank.org/indicator/NY.GDP.MKTP.KD.ZG?locations=GT,2026-10-07T18:15:36Z,CC BY 4.0
GTM,NY.GDP.MKTP.KD.ZG,GDP growth (annual %),2017,3.0798512212244,%,https://data.worldbank.org/indicator/NY.GDP.MKTP.KD.ZG?locations=GT,2026-10-07T18:15:36Z,CC BY 4.0
GTM,NY.GDP.MKTP.KD.ZG,GDP growth (annual %),2018,3.40687328176345,%,https://data.worldbank.org/indicator/NY.GDP.MKTP.KD.ZG?locations=GT,2026-10-07T18:15:36Z,CC BY 4.0
GTM,NY.GDP.MKTP.KD.ZG,GDP growth (annual %),2019,4.01789830861587,%,https://data.worldbank.org/indicator/NY.GDP.MKTP.KD.ZG?locations=GT,2026-10-07T18:15:36Z,CC BY 4.0
GTM,NY.GDP.MKTP.KD.ZG,GDP growth (annual %),2020,-1.78555117570465,%,https://data.worldbank.org/indicator/NY.GDP.MKTP.KD.ZG?locations=GT,2026-10-07T18:15:36Z,CC BY 4.0
GTM,NY.GDP.MKTP.KD.ZG,GDP growth (annual %),2021,8.04170398855833,%,https://data.worldbank.org/indicator/NY.GDP.MKTP.KD.ZG?locations=GT,2026-10-07T18:15:36Z,CC BY 4.0
GTM,NY.GDP.MKTP.KD.ZG,GDP growth (annual %),2022,4.15492196609047,%,https://data.worldbank.org/indicator/NY.GDP.MKTP.KD.ZG?locations=GT,2026-10-07T18:15:36Z,CC BY 4.0
GTM,NY.GDP.MKTP.KD.ZG,GDP growth (annual %),2023,3.52430434049013,%,https://data.worldbank.org/indicator/NY.GDP.MKTP.KD.ZG?locations=GT,2026-10-07T18:15:36Z,CC BY 4.0
GTM,NY.GDP.MKTP.KD.ZG,GDP growth (annual %),2024,3.71558453779777,%,https://data.worldbank.org/indicator/NY.GDP.MKTP.KD.ZG?locations=GT,2026-10-07T18:15:36Z,CC BY 4.0
GTM,FP.CPI.TOTL.ZG,"Inflation, consumer prices (annual %)",2010,3.8595090983316,%,https://data.worldbank.org/indicator/FP.CPI.TOTL.ZG?locations=GT,2026-10-07T18:15:36Z,CC BY 4.0
GTM,FP.CPI.TOTL.ZG,"Inflation, consumer prices (annual %)",2011,6.214123930671,%,https://data.worldbank.org/indicator/FP.CPI.TOTL.ZG?locations=GT,2026-10-07T18:15:36Z,CC BY 4.0
GTM,FP.CPI.TOTL.ZG,"Inflation, consumer prices (annual %)",2012,3.78180754679678,%,https://data.worldbank.org/indicator/FP.CPI.TOTL.ZG?locations=GT,2026-10-07T18:15:36Z,CC BY 4.0
GTM,FP.CPI.TOTL.ZG,"Inflation, consumer prices (annual %)",2013,4.34337131279521,%,https://data.worldbank.org/indicator/FP.CPI.TOTL.ZG?locations=GT,2026-10-07T18:15:36Z,CC BY 4.0
GTM,FP.CPI.TOTL.ZG,"Inflation, consumer prices (annual %)",2014,3.4183616966296,%,https://data.worldbank.org/indicator/FP.CPI.TOTL.ZG?locations=GT,2026-10-07T18:15:36Z,CC BY 4.0
GTM,FP.CPI.TOTL.ZG,"Inflation, consumer prices (annual %)",2015,2.3887203283955,%,https://data.worldbank.org/indicator/FP.CPI.TOTL.ZG?locations=GT,2026-10-07T18:15:36Z,CC BY 4.0
GTM,FP.CPI.TOTL.ZG,"Inflation, consumer prices (annual %)",2016,4.44844199942827,%,https://data.worldbank.org/indicator/FP.CPI.TOTL.ZG?locations=GT,2026-10-07T18:15:36Z,CC BY 4.0
GTM,FP.CPI.TOTL.ZG,"Inflation, consumer prices (annual %)",2017,4.42453655182546,%,https://data.worldbank.org/indicator/FP.CPI.TOTL.ZG?locations=GT,2026-10-07T18:15:36Z,CC BY 4.0
GTM,FP.CPI.TOTL.ZG,"Inflation, consumer prices (annual %)",2018,3.75186186704508,%,https://data.worldbank.org/indicator/FP.CPI.TOTL.ZG?locations=GT,2026-10-07T18:15:36Z,CC BY 4.0
GTM,FP.CPI.TOTL.ZG,"Inflation, consumer prices (annual %)",2019,3.69998398008605,%,https://data.worldbank.org/indicator/FP.CPI.TOTL.ZG?locations=GT,2026-10-07T18:15:36Z,CC BY 4.0
GTM,FP.CPI.TOTL.ZG,"Inflation, consumer prices (annual %)",2020,3.21444062197345,%,https://data.worldbank.org/indicator/FP.CPI.TOTL.ZG?locations=GT,2026-10-07T18:15:36Z,CC BY 4.0
GTM,FP.CPI.TOTL.ZG,"Inflation, consumer prices (annual %)",2021,4.26105127422813,%,https://data.worldbank.org/indicator/FP.CPI.TOTL.ZG?locations=GT,2026-10-07T18:15:36Z,CC BY 4.0
GTM,FP.CPI.TOTL.ZG,"Inflation, consumer prices (annual %)",2022,6.88512823344287,%,https://data.worldbank.org/indicator/FP.CPI.TOTL.ZG?locations=GT,2026-10-07T18:15:36Z,CC BY 4.0
GTM,FP.CPI.TOTL.ZG,"Inflation, consumer prices (annual %)",2023,6.20657592272126,%,https://data.worldbank.org/indicator/FP.CPI.TOTL.ZG?locations=GT,2026-10-07T18:15:36Z,CC BY 4.0
GTM,FP.CPI.TOTL.ZG,"Inflation, consumer prices (annual %)",2024,2.86992752918294,%,https://data.worldbank.org/indicator/FP.CPI.TOTL.ZG?locations=GT,2026-10-07T18:15:36Z,CC BY 4.0
GTM,SL.UEM.TOTL.ZS,"Unemployment, total (% of total labor force) (modeled ILO estimate)",2010,3.497,% fuerza laboral,https://data.worldbank.org/indicator/SL.UEM.TOTL.ZS?locations=GT,2026-10-07T18:15:36Z,CC BY 4.0
GTM,SL.UEM.TOTL.ZS,"Unemployment, total (% of total labor force) (modeled ILO estimate)",2011,3.169,% fuerza laboral,https://data.worldbank.org/indicator/SL.UEM.TOTL.ZS?locations=GT,2026-10-07T18:15:36Z,CC BY 4.0
GTM,SL.UEM.TOTL.ZS,"Unemployment, total (% of total labor force) (modeled ILO estimate)",2012,2.765,% fuerza laboral,https://data.worldbank.org/indicator/SL.UEM.TOTL.ZS?locations=GT,2026-10-07T18:15:36Z,CC BY 4.0
GTM,SL.UEM.TOTL.ZS,"Unemployment, total (% of total labor force) (modeled ILO estimate)",2013,3.017,% fuerza laboral,https://data.worldbank.org/indicator/SL.UEM.TOTL.ZS?locations=GT,2026-10-07T18:15:36Z,CC BY 4.0
GTM,SL.UEM.TOTL.ZS,"Unemployment, total (% of total labor force) (modeled ILO estimate)",2014,2.717,% fuerza laboral,https://data.worldbank.org/indicator/SL.UEM.TOTL.ZS?locations=GT,2026-10-07T18:15:36Z,CC BY 4.0
GTM,SL.UEM.TOTL.ZS,"Unemployment, total (% of total labor force) (modeled ILO estimate)",2015,2.506,% fuerza laboral,https://data.worldbank.org/indicator/SL.UEM.TOTL.ZS?locations=GT,2026-10-07T18:15:36Z,CC BY 4.0
GTM,SL.UEM.TOTL.ZS,"Unemployment, total (% of total labor force) (modeled ILO estimate)",2016,2.583,% fuerza laboral,https://data.worldbank.org/indicator/SL.UEM.TOTL.ZS?locations=GT,2026-10-07T18:15:36Z,CC BY 4.0
GTM,SL.UEM.TOTL.ZS,"Unemployment, total (% of total labor force) (modeled ILO estimate)",2017,2.462,% fuerza laboral,https://data.worldbank.org/indicator/SL.UEM.TOTL.ZS?locations=GT,2026-10-07T18:15:36Z,CC BY 4.0
GTM,SL.UEM.TOTL.ZS,"Unemployment, total (% of total labor force) (modeled ILO estimate)",2018,2.283,% fuerza laboral,https://data.worldbank.org/indicator/SL.UEM.TOTL.ZS?locations=GT,2026-10-07T18:15:36Z,CC BY 4.0
GTM,SL.UEM.TOTL.ZS,"Unemployment, total (% of total labor force) (modeled ILO estimate)",2019,2.193,% fuerza laboral,https://data.worldbank.org/indicator/SL.UEM.TOTL.ZS?locations=GT,2026-10-07T18:15:36Z,CC BY 4.0
GTM,SL.UEM.TOTL.ZS,"Unemployment, total (% of total labor force) (modeled ILO estimate)",2020,2.965,% fuerza laboral,https://data.worldbank.org/indicator/SL.UEM.TOTL.ZS?locations=GT,2026-10-07T18:15:36Z,CC BY 4.0
GTM,SL.UEM.TOTL.ZS,"Unemployment, total (% of total labor force) (modeled ILO estimate)",2021,2.174,% fuerza laboral,https://data.worldbank.org/indicator/SL.UEM.TOTL.ZS?locations=GT,2026-10-07T18:15:36Z,CC BY 4.0
GTM,SL.UEM.TOTL.ZS,"Unemployment, total (% of total labor force) (modeled ILO estimate)",2022,3.051,% fuerza laboral,https://data.worldbank.org/indicator/SL.UEM.TOTL.ZS?locations=GT,2026-10-07T18:15:36Z,CC BY 4.0
GTM,SL.UEM.TOTL.ZS,"Unemployment, total (% of total labor force) (modeled ILO estimate)",2023,2.344,% fuerza laboral,https://data.worldbank.org/indicator/SL.UEM.TOTL.ZS?locations=GT,2026-10-07T18:15:36Z,CC BY 4.0
GTM,SL.UEM.TOTL.ZS,"Unemployment, total (% of total labor force) (modeled ILO estimate)",2024,2.613,% fuerza laboral,https://data.worldbank.org/indicator/SL.UEM.TOTL.ZS?locations=GT,2026-10-07T18:15:36Z,CC BY 4.0
GTM,SP.POP.TOTL,"Population, total",2010,14500112,personas,https://data.worldbank.org/indicator/SP.POP.TOTL?locations=GT,2026-10-07T18:15:36Z,CC BY 4.0
GTM,SP.POP.TOTL,"Population, total",2011,14792126,personas,https://data.worldbank.org/indicator/SP.POP.TOTL?locations=GT,2026-10-07T18:15:36Z,CC BY 4.0
GTM,SP.POP.TOTL,"Population, total",2012,15089647,personas,https://data.worldbank.org/indicator/SP.POP.TOTL?locations=GT,2026-10-07T18:15:36Z,CC BY 4.0
GTM,SP.POP.TOTL,"Population, total",2013,15387337,personas,https://data.worldbank.org/indicator/SP.POP.TOTL?locations=GT,2026-10-07T18:15:36Z,CC BY 4.0
GTM,SP.POP.TOTL,"Population, total",2014,15681725,personas,https://data.worldbank.org/indicator/SP.POP.TOTL?locations=GT,2026-10-07T18:15:36Z,CC BY 4.0
GTM,SP.POP.TOTL,"Population, total",2015,15971743,personas,https://data.worldbank.org/indicator/SP.POP.TOTL?locations=GT,2026-10-07T18:15:36Z,CC BY 4.0
GTM,SP.POP.TOTL,"Population, total",2016,16268760,personas,https://data.worldbank.org/indicator/SP.POP.TOTL?locations=GT,2026-10-07T18:15:36Z,CC BY 4.0
GTM,SP.POP.TOTL,"Population, total",2017,16567357,personas,https://data.worldbank.org/indicator/SP.POP.TOTL?locations=GT,2026-10-07T18:15:36Z,CC BY 4.0
GTM,SP.POP.TOTL,"Population, total",2018,16845685,personas,https://data.worldbank.org/indicator/SP.POP.TOTL?locations=GT,2026-10-07T18:15:36Z,CC BY 4.0
GTM,SP.POP.TOTL,"Population, total",2019,17103803,personas,https://data.worldbank.org/indicator/SP.POP.TOTL?locations=GT,2026-10-07T18:15:36Z,CC BY 4.0
GTM,SP.POP.TOTL,"Population, total",2020,17357325,personas,https://data.worldbank.org/indicator/SP.POP.TOTL?locations=GT,2026-10-07T18:15:36Z,CC BY 4.0
GTM,SP.POP.TOTL,"Population, total",2021,17598650,personas,https://data.worldbank.org/indicator/SP.POP.TOTL?locations=GT,2026-10-07T18:15:36Z,CC BY 4.0
GTM,SP.POP.TOTL,"Population, total",2022,17847877,personas,https://data.worldbank.org/indicator/SP.POP.TOTL?locations=GT,2026-10-07T18:15:36Z,CC BY 4.0
GTM,SP.POP.TOTL,"Population, total",2023,18124838,personas,https://data.worldbank.org/indicator/SP.POP.TOTL?locations=GT,2026-10-07T18:15:36Z,CC BY 4.0
GTM,SP.POP.TOTL,"Population, total",2024,18406359,personas,https://data.worldbank.org/indicator/SP.POP.TOTL?locations=GT,2026-10-07T18:15:36Z,CC BY 4.0
GTM,IT.NET.USER.ZS,Individuals using the Internet (% of population),2010,10.5,% población,https://data.worldbank.org/indicator/IT.NET.USER.ZS?locations=GT,2026-10-07T18:15:36Z,CC BY 4.0
GTM,IT.NET.USER.ZS,Individuals using the Internet (% of population),2011,12.30000019,% población,https://data.worldbank.org/indicator/IT.NET.USER.ZS?locations=GT,2026-10-07T18:15:36Z,CC BY 4.0
GTM,IT.NET.USER.ZS,Individuals using the Internet (% of population),2012,16,% población,https://data.worldbank.org/indicator/IT.NET.USER.ZS?locations=GT,2026-10-07T18:15:36Z,CC BY 4.0
GTM,IT.NET.USER.ZS,Individuals using the Internet (% of population),2013,19.70000076,% población,https://data.worldbank.org/indicator/IT.NET.USER.ZS?locations=GT,2026-10-07T18:15:36Z,CC BY 4.0
GTM,IT.NET.USER.ZS,Individuals using the Internet (% of population),2014,23.39999962,% población,https://data.worldbank.org/indicator/IT.NET.USER.ZS?locations=GT,2026-10-07T18:15:36Z,CC BY 4.0
GTM,IT.NET.USER.ZS,Individuals using the Internet (% of population),2015,28.80590057,% población,https://data.worldbank.org/indicator/IT.NET.USER.ZS?locations=GT,2026-10-07T18:15:36Z,CC BY 4.0
GTM,IT.NET.USER.ZS,Individuals using the Internet (% of population),2016,34.50930023,% población,https://data.worldbank.org/indicator/IT.NET.USER.ZS?locations=GT,2026-10-07T18:15:36Z,CC BY 4.0
GTM,IT.NET.USER.ZS,Individuals using the Internet (% of population),2017,37.90000153,% población,https://data.worldbank.org/indicator/IT.NET.USER.ZS?locations=GT,2026-10-07T18:15:36Z,CC BY 4.0
GTM,IT.NET.USER.ZS,Individuals using the Internet (% of population),2018,41.5,% población,https://data.worldbank.org/indicator/IT.NET.USER.ZS?locations=GT,2026-10-07T18:15:36Z,CC BY 4.0
GTM,IT.NET.USER.ZS,Individuals using the Internet (% of population),2019,44.401049838502,% población,https://data.worldbank.org/indicator/IT.NET.USER.ZS?locations=GT,2026-10-07T18:15:36Z,CC BY 4.0
GTM,IT.NET.USER.ZS,Individuals using the Internet (% of population),2020,47.51229858,% población,https://data.worldbank.org/indicator/IT.NET.USER.ZS?locations=GT,2026-10-07T18:15:36Z,CC BY 4.0
GTM,IT.NET.USER.ZS,Individuals using the Internet (% of population),2021,50.84164945,% población,https://data.worldbank.org/indicator/IT.NET.USER.ZS?locations=GT,2026-10-07T18:15:36Z,CC BY 4.0
GTM,IT.NET.USER.ZS,Individuals using the Internet (% of population),2022,54.40430069,% población,https://data.worldbank.org/indicator/IT.NET.USER.ZS?locations=GT,2026-10-07T18:15:36Z,CC BY 4.0
GTM,IT.NET.USER.ZS,Individuals using the Internet (% of population),2023,56.72669983,% población,https://data.worldbank.org/indicator/IT.NET.USER.ZS?locations=GT,2026-10-07T18:15:36Z,CC BY 4.0
GTM,IT.NET.USER.ZS,Individuals using the Internet (% of population),2024,60.22140121,% población,https://data.worldbank.org/indicator/IT.NET.USER.ZS?locations=GT,2026-10-07T18:15:36Z,CC BY 4.0
GTM,NE.EXP.GNFS.ZS,Exports of goods and services (% of GDP),2010,26.2254643341594,% del PIB,https://data.worldbank.org/indicator/NE.EXP.GNFS.ZS?locations=GT,2026-10-07T18:15:36Z,CC BY 4.0
GTM,NE.EXP.GNFS.ZS,Exports of goods and services (% of GDP),2011,27.0677057848772,% del PIB,https://data.worldbank.org/indicator/NE.EXP.GNFS.ZS?locations=GT,2026-10-07T18:15:36Z,CC BY 4.0
GTM,NE.EXP.GNFS.ZS,Exports of goods and services (% of GDP),2012,25.267092636425,% del PIB,https://data.worldbank.org/indicator/NE.EXP.GNFS.ZS?locations=GT,2026-10-07T18:15:36Z,CC BY 4.0
GTM,NE.EXP.GNFS.ZS,Exports of goods and services (% of GDP),2013,21.9981664670011,% del PIB,https://data.worldbank.org/indicator/NE.EXP.GNFS.ZS?locations=GT,2026-10-07T18:15:36Z,CC BY 4.0
GTM,NE.EXP.GNFS.ZS,Exports of goods and services (% of GDP),2014,21.7443606885213,% del PIB,https://data.worldbank.org/indicator/NE.EXP.GNFS.ZS?locations=GT,2026-10-07T18:15:36Z,CC BY 4.0
GTM,NE.EXP.GNFS.ZS,Exports of goods and services (% of GDP),2015,19.8299071093932,% del PIB,https://data.worldbank.org/indicator/NE.EXP.GNFS.ZS?locations=GT,2026-10-07T18:15:36Z,CC BY 4.0
GTM,NE.EXP.GNFS.ZS,Exports of goods and services (% of GDP),2016,18.753087949948,% del PIB,https://data.worldbank.org/indicator/NE.EXP.GNFS.ZS?locations=GT,2026-10-07T18:15:36Z,CC BY 4.0
GTM,NE.EXP.GNFS.ZS,Exports of goods and services (% of GDP),2017,18.4950394164293,% del PIB,https://data.worldbank.org/indicator/NE.EXP.GNFS.ZS?locations=GT,2026-10-07T18:15:36Z,CC BY 4.0
GTM,NE.EXP.GNFS.ZS,Exports of goods and services (% of GDP),2018,18.1693258488802,% del PIB,https://data.worldbank.org/indicator/NE.EXP.GNFS.ZS?locations=GT,2026-10-07T18:15:36Z,CC BY 4.0
GTM,NE.EXP.GNFS.ZS,Exports of goods and services (% of GDP),2019,17.6119727745274,% del PIB,https://data.worldbank.org/indicator/NE.EXP.GNFS.ZS?locations=GT,2026-10-07T18:15:36Z,CC BY 4.0
GTM,NE.EXP.GNFS.ZS,Exports of goods and services (% of GDP),2020,16.3436118075967,% del PIB,https://data.worldbank.org/indicator/NE.EXP.GNFS.ZS?locations=GT,2026-10-07T18:15:36Z,CC BY 4.0
GTM,NE.EXP.GNFS.ZS,Exports of goods and services (% of GDP),2021,17.6296569856584,% del PIB,https://data.worldbank.org/indicator/NE.EXP.GNFS.ZS?locations=GT,2026-10-07T18:15:36Z,CC BY 4.0
GTM,NE.EXP.GNFS.ZS,Exports of goods and services (% of GDP),2022,18.9517853338562,% del PIB,https://data.worldbank.org/indicator/NE.EXP.GNFS.ZS?locations=GT,2026-10-07T18:15:36Z,CC BY 4.0
GTM,NE.EXP.GNFS.ZS,Exports of goods and services (% of GDP),2023,16.6174908714024,% del PIB,https://data.worldbank.org/indicator/NE.EXP.GNFS.ZS?locations=GT,2026-10-07T18:15:36Z,CC BY 4.0
GTM,NE.EXP.GNFS.ZS,Exports of goods and services (% of GDP),2024,15.8834632887959,% del PIB,https://data.worldbank.org/indicator/NE.EXP.GNFS.ZS?locations=GT,2026-10-07T18:15:36Z,CC BY 4.0
