id_a,titulo_a,id_b,titulo_b,mismo_evento_humano
GN-4b8b429aa0,Panamá e Israel fortalecen cooperación para optimizar el suministro de agua en Azuero,GN-8c576aaf65,Asamblea de Vietnam facilitará ejecución de acuerdos de cooperación con Panamá,
GN-b289958524,¿Subirá el pasaje del Metro? Esto respondió la entidad,GN-3b7cbfed37,Contenido exclusivo: Así avanza la Línea 3 del Metro,
GN-098ea32a86,"Tres nuevas leyes entran en escena: estos son los cambios para pasaportes, justicia y turismo",GN-4cbcfbcd5b,"Mulino sanciona nuevas leyes en justicia, pasaportes y turismo",
GN-57599e45dc,"Economía panameña crece 8.49% en julio de 2026, según el INEC",GN-7ae1a105b5,Tráfico por estrecho de Magallanes sube más de 70% ante restricciones en Canal de Panamá,
GN-dc6157700a,Un dolor de cabeza menos: turistas colombianos que visiten Panamá gozarán de anhelado beneficio gratuito desde ahora,GN-bf8b64f3ec,Alegría para colombianos que planeen viaje a destino internacional frecuente: hay beneficio gratis,
GN-5b0498a2aa,Metro de Panamá: Línea 1 queda temporalmente fuera de servicio por mantenimiento eléctrico,GN-aa09ce3c5b,Panamá prepara proyecto de ley para reducir de dos a un año el internado médico,
GN-21444804c8,"Economía panameña crece 5.86% hasta julio, con impulso del comercio, transporte, industria y construcción",GN-57599e45dc,"Economía panameña crece 8.49% en julio de 2026, según el INEC",
GN-cd10fe1ade,IMHPA advierte sobre lluvias y tormentas: estas son las zonas bajo vigilancia,GN-f0a3aabe2c,Clima en Panamá: ¡No olvide su paraguas! Imhpa prevé aguaceros y posibles tormentas para este domingo,
GN-38243cf5b7,Sector privado pide que el crecimiento económico de Panamá se traduzca en empleos de mayor calidad,GN-44ad3fa7ad,"Panamá necesita recuperar la inversión extranjera para impulsar el empleo, afirma el sector privado",
GN-3aa39f28dc,Asamblea Nacional aprueba presupuesto del Canal de Panamá,GN-5332698347,Canal de Panamá pospone restricciones de calado gracias a las lluvias,
GN-8756e49941,"Directo Latam: disminuye el tránsito de barcos en el Canal de Panamá, pero sube la recaudación",GN-4cb0a035e0,Canal de Panamá eleva calado y aumenta capacidad diaria para buques Neopanamax,
GN-584ce2cbfb,Embajador de Cuba en Panamá presenta ante parlamento informe sobre afectaciones del bloqueo,GN-7fecf25781,Pedro Morilla presenta la convocatoria de Panamá Sub-16 para el Torneo Uncaf,
GN-122d7d25cd,Abelardo de la Espriella inauguró la ruta Montería-Panamá y pidió a Satena avanzar en una conexión directa con Miami: “24 horas desde ya”,GN-93bbc5666f,De la Espriella inauguró la ruta Montería-Panamá: anunció que la próxima será Miami,
GN-681f09c941,"Desempleo en Panamá baja al 8,5 % y la economía sube",GN-77c2ae4e18,¿Cómo está el empleo en Panamá? Presidente afirma que el desempleo baja y sector privado gana terreno,
GN-8da56d0e3d,Copa IGA Internacional 2026: Panamá se consolida como sede del turismo deportivo,GN-296933c7e2,4 Foro Tendencias de Turismo 2026 reunió a líderes del sector en Panamá,
GN-61689ade96,Directo a... Ciudad de Panamá y el plan estructural para controlar la sequía en el Canal,GN-c24897e331,El Canal de Panamá busca soluciones frente a la sequía y el fenómeno de El Niño,
GN-5505b0d8cc,Empresarios insisten en que Panamá debe transformar su ventaja logística en inversión y empleo,GN-c29ea8ee66,Panamá debe transformar su ventaja logística en inversión y empleo,
GN-dd148a1251,Proyecto de ley que dicta el presupuesto del Canal de Panamá pasa a tercer debate,GN-f17594246c,Sonda refuerza el soporte por inconvenientes con el sistema de cobro del Metro de Panamá y MiBus,
GN-2b9d5694f2,"Navieras de Vietnam ratifican su confianza en el registro de barcos y el Canal Panamá, tras encuentro con el presidente Mulino",GN-20cc0e38de,Navieras vietnamitas ratifican confianza en el registro de barcos y el Canal de Panamá,
GN-95f329a252,Miguel Lorenzo asume como subadministrador del Canal de Panamá,GN-9b2363ba71,Miguel Lorenzo Fábrega asume como subadministrador del Canal de Panamá,
GN-144ac78d6e,Recordaron en Panamá víctimas del crimen de Barbados,GN-ab12981020,Clima en Panamá: Pronóstico del tiempo para este lunes 5 de octubre,
GN-22878685c6,Canal de Panamá flexibiliza restricciones tras aumento de lluvias,GN-0bfe61e92c,Canal de Panamá flexibiliza restricciones tras aumento de lluvias,
GN-fce86d95e8,Asamblea Nacional aprueba por unanimidad el presupuesto del Canal de Panamá,GN-cc8f507d04,Diputados aprueban en tercer debate el presupuesto del Canal de Panamá para el año fiscal 2027,
GN-2dca9cd517,El Canal de Panamá eleva a 33 los tránsitos diarios por la mejora en el régimen de lluvias,GN-d1119a4df3,El Canal de Panamá amplía LoTSA y estrena un programa piloto en las esclusas Panamax,
GN-165cec11e1,Jóvenes en Panamá encuentran una oportunidad en plena crisis de empleo,GN-b4bec01b3b,"En Panamá aumentan las brechas estructurales ante pocos avances, señala informe del sector privado",
GN-47cfb6d79d,Avanza a segundo debate proyecto de reformas al servicio eléctrico en Panamá,GN-bff42b98ad,"Desempleo en Panamá baja al 8,5 % y la informalidad laboral al 45,8 % hasta agosto de 2026",
GN-cfcffef4a3,Panamá ante una decisión de alto costo: ¿reabrir la mina de cobre Donoso?,GN-9cf91b34a0,Una comisión gubernamental aconseja reactivar una polémica mina de cobre en Panamá,
GN-2337b1ac05,Clima en Panamá hoy: ¿en qué provincias lloverá este jueves 17 de septiembre?,GN-7fd34393a3,Clima en Panamá: Lluvias y tormentas intensas marcarán el tiempo este sábado en varias zonas del país,
GN-0aaf41ba64,Visa de Panamá para Cubanos: Nuevos Resultados de Turismo y Tránsito en Septiembre de 2026,GN-8f2f71ed92,Dónde y cómo ver en vivo y gratis Ecuador vs. Panamá hoy: TV y streaming online del amistoso internacional en Tokio,
GN-985efbd941,Comercio marítimo: por qué aumentó el tránsito por el estrecho de Magallanes y qué pasa en el canal de Panamá,GN-de27228a81,Alcaldía de Panamá reduce a tres meses los procesos por infracciones municipales,
GN-47ea7e0598,Panamá Oeste sin agua hoy: sectores afectados y a qué hora se restablecerá el servicio,GN-c29ea8ee66,Panamá debe transformar su ventaja logística en inversión y empleo,
GN-72ab901893,Canal de Panamá aumenta a 33 los tránsitos diarios y a 49 pies el calado máximo,GN-fafa9822e8,Presupuesto del canal de Panamá es aprobado en tercer debate por la Asamblea,
GN-0f96d7afb7,Ejecución del Cuarto Puente sobre el Canal de Panamá alcanza un 41% y se trabaja en la cimentación de las fundaciones,GN-f9d0f9e5c3,Presupuesto del canal de Panamá es aprobado en segundo debate por el pleno de la Asamblea,
GN-5cb7d98efb,Lluvias y tormentas esta tarde: ¿Dónde se concentrarán los aguaceros más fuertes?,GN-b09c371b17,Clima en Panamá esta noche: ¿continuarán las lluvias?,
GN-2fa9d904b9,Sismo de magnitud 3.3 sorprende durante la madrugada: ocurrió al noroeste de Chepo,GN-826dd27acd,Alerta en Kankintú: fuertes lluvias provocan aumento del caudal del río Cricamola,
GN-67b0bd7d9d,Amistad tradicional entre Vietnam y Panamá,GN-d9a6f71e1d,"Gloria De León, administradora de la Autoridad de Turismo de Panamá",
GN-38f9349810,Muere trabajador de 25 años en proyecto de la Línea 3 del Metro de Panamá,GN-70087b98f3,Panamá pide un puesto permanente para América Latina en el Consejo de Seguridad,
GN-9fd21c9380,Canal de Panamá aportará US$3.608 millones al Tesoro Nacional durante el año fiscal 2027,GN-e91fafe0f9,"Por unanimidad, la Asamblea aprueba en segundo debate el presupuesto del Canal de Panamá para el AF 2027",
GN-411013105e,"2026: Panamá crecerá 5.3%, pero APEDE alerta por calidad de empleo y finanzas",GN-297d1d2cac,"Economía de Panamá crece 5.5% en el primer semestre, según Apede",
GN-08c3b5b152,Vídeo | Explican el mecanismo de la feria de empleo en Atlapa,GN-73adf262bb,Feria de Empleo 2.0: primeros asistentes consiguen contrataciones inmediatas en Atlapa,
