id_noticia,titulo,medio,tema_humano,opciones
GN-83c4712ea3,Panamá apuesta por el mercado argentino para atraer más turistas,elsiglo.com.pa,,economia|logistica_canal|turismo|servicios_publicos|eventos_naturales|regulacion|otro
TVN-81bd9e3291,Apoyo a la democracia cae nueve puntos en Panamá; 78% no se siente representado por la Asamblea Nacional,tvn-2.com,,economia|logistica_canal|turismo|servicios_publicos|eventos_naturales|regulacion|otro
GN-1346d901f3,Aprobado en tercer debate presupuesto del Canal de Panamá para el AF 2027,pancanal.com,,economia|logistica_canal|turismo|servicios_publicos|eventos_naturales|regulacion|otro
GN-c22fad4826,34 años de prisión para hombre de 19 años que captaba mujeres con falsas ofertas de empleo para violarlas en Panamá,infobae.com,,economia|logistica_canal|turismo|servicios_publicos|eventos_naturales|regulacion|otro
GN-c24897e331,El Canal de Panamá busca soluciones frente a la sequía y el fenómeno de El Niño,france24.com,,economia|logistica_canal|turismo|servicios_publicos|eventos_naturales|regulacion|otro
GN-4976b468d4,Feria de Empleo 2.0: candidatos ya logran contrataciones en Atlapa,telemetro.com,,economia|logistica_canal|turismo|servicios_publicos|eventos_naturales|regulacion|otro
RS-aed5993af2,"Exdirector de la CSS, Enrique Lau, trasladado a SPA para audiencia de garantías",critica.com.pa,,economia|logistica_canal|turismo|servicios_publicos|eventos_naturales|regulacion|otro
GN-51b5d7bcf5,"Agua, tecnología y producción: los temas que Paz abordó con mandatarios en Nueva York",reduno.com.bo,,economia|logistica_canal|turismo|servicios_publicos|eventos_naturales|regulacion|otro
GN-0748d16abf,IDAAN evalúa la viabilidad de construir una planta potabilizadora en Capira,panamaamerica.com.pa,,economia|logistica_canal|turismo|servicios_publicos|eventos_naturales|regulacion|otro
GN-232d6a9524,Inflación en Panamá sube 0.2% en agosto tras dos meses en negativo,laestrella.com.pa,,economia|logistica_canal|turismo|servicios_publicos|eventos_naturales|regulacion|otro
GN-915df1a410,El presidente de Panamá expresó su gratitud a Vietnam.,vietnam.vn,,economia|logistica_canal|turismo|servicios_publicos|eventos_naturales|regulacion|otro
GN-d8dc860ba2,¿Ya funciona la Línea 1 del Metro de Panamá? Esto informó el Metro,telemetro.com,,economia|logistica_canal|turismo|servicios_publicos|eventos_naturales|regulacion|otro
GN-0e93de8f79,"Carta abierta al Gobierno de la República de Panamá incentivos millonarios para los hoteles, castigo para los panameños de a pie",laestrella.com.pa,,economia|logistica_canal|turismo|servicios_publicos|eventos_naturales|regulacion|otro
GN-bc9252c89f,"Mulino sanciona tres nuevas leyes sobre justicia, pasaportes y turismo",laestrella.com.pa,,economia|logistica_canal|turismo|servicios_publicos|eventos_naturales|regulacion|otro
GN-6cbcc30701,Ley sobre buhonería deja desprotegidos a cientos de centroamericanos en Panamá,infobae.com,,economia|logistica_canal|turismo|servicios_publicos|eventos_naturales|regulacion|otro
GN-40589fda7b,Asamblea Nacional solicita traslado de partida al MEF para pagar salarios y décimo tercer mes,telemetro.com,,economia|logistica_canal|turismo|servicios_publicos|eventos_naturales|regulacion|otro
GN-4f7d673394,Muere trabajador de 25 años en la Línea 3 del Metro tras presunta descarga eléctrica,tvn-2.com,,economia|logistica_canal|turismo|servicios_publicos|eventos_naturales|regulacion|otro
GN-b7293f8cec,La ACI reeligió a Ariel Guarco al frente del cooperativismo mundial en su Asamblea General celebrada en Panamá,gestionsolidaria.com,,economia|logistica_canal|turismo|servicios_publicos|eventos_naturales|regulacion|otro
GN-0a7ba6d56c,Sismo de magnitud 5.4 sacude la región fronteriza entre Panamá y Costa Rica,laestrella.com.pa,,economia|logistica_canal|turismo|servicios_publicos|eventos_naturales|regulacion|otro
GN-4711e715c2,Metro de Panamá y Doppelmayr firman el contrato para la construcción del Teleférico de San Miguelito,panamaamerica.com.pa,,economia|logistica_canal|turismo|servicios_publicos|eventos_naturales|regulacion|otro
GN-ed20f89e2e,Experto analiza proyecto que busca regular el servicio de electricidad en Panamá,telemetro.com,,economia|logistica_canal|turismo|servicios_publicos|eventos_naturales|regulacion|otro
GN-dc6157700a,Un dolor de cabeza menos: turistas colombianos que visiten Panamá gozarán de anhelado beneficio gratuito desde ahora,redmas.com.co,,economia|logistica_canal|turismo|servicios_publicos|eventos_naturales|regulacion|otro
GN-38248e1228,Producto Interno Bruto de Panamá crece 6.4% en el segundo trimestre de 2026,tvn-2.com,,economia|logistica_canal|turismo|servicios_publicos|eventos_naturales|regulacion|otro
GN-454893b520,Consulado de Panamá publica nuevos resultados de visas para cubanos: turismo y tránsito,directoriocubano.info,,economia|logistica_canal|turismo|servicios_publicos|eventos_naturales|regulacion|otro
TVN-f9b4db40b7,Brasil: Senado evalúa ampliar el descanso laboral como baza electoral de Lula,tvn-2.com,,economia|logistica_canal|turismo|servicios_publicos|eventos_naturales|regulacion|otro
GN-bb89efeac3,"CONATUR 2026: El lanzamiento de la X Convención Nacional de Turismo impulsa la apropiación nacional de la Marca País ""Panamá, Anfitrión del Mundo""",atp.gob.pa,,economia|logistica_canal|turismo|servicios_publicos|eventos_naturales|regulacion|otro
TVN-8c045b17e4,Lionel Messi despedida | Argentina vs Benín | EN VIVO,tvn-2.com,,economia|logistica_canal|turismo|servicios_publicos|eventos_naturales|regulacion|otro
TVN-77ec3771a5,Rosalía gana el Premio Nacional de Músicas Actuales 2026 por su disco LUX,tvn-2.com,,economia|logistica_canal|turismo|servicios_publicos|eventos_naturales|regulacion|otro
GN-43b80f825e,Vídeo | Contenido Exclusivo: Turismo en transporte público,tvn-2.com,,economia|logistica_canal|turismo|servicios_publicos|eventos_naturales|regulacion|otro
GN-5b31443240,Reforma fiscal excluye al Fondo de Ahorro y fija meta de deuda en 50 % del PIB para 2026–2036,laestrella.com.pa,,economia|logistica_canal|turismo|servicios_publicos|eventos_naturales|regulacion|otro
GN-1f193f35cf,Clima en Panamá: Lluvias y tormentas continuarán por influencia de la vaguada monzónica,tvn-2.com,,economia|logistica_canal|turismo|servicios_publicos|eventos_naturales|regulacion|otro
GN-3fa8b245ea,Ley 547 de 2026: Panamá reconoce el derecho al olvido oncológico,lexlatin.com,,economia|logistica_canal|turismo|servicios_publicos|eventos_naturales|regulacion|otro
GN-587678c678,Generadores de Panamá piden reglas claras en reforma del sector eléctrico,bnamericas.com,,economia|logistica_canal|turismo|servicios_publicos|eventos_naturales|regulacion|otro
GN-5b0498a2aa,Metro de Panamá: Línea 1 queda temporalmente fuera de servicio por mantenimiento eléctrico,telemetro.com,,economia|logistica_canal|turismo|servicios_publicos|eventos_naturales|regulacion|otro
GN-0f914fe5d2,Arzobispo de Panamá pide responsabilidades ante decisiones que afecten a las comunidades,infobae.com,,economia|logistica_canal|turismo|servicios_publicos|eventos_naturales|regulacion|otro
GN-62533f096b,Proyecto sobre electricidad: ¿cómo podría afectar a los usuarios en Panamá?,telemetro.com,,economia|logistica_canal|turismo|servicios_publicos|eventos_naturales|regulacion|otro
GN-ed20826232,Metro de Panamá y Alstom acuerdan plan de mantenimiento de $90 millones para las Líneas 1 y 2,panamaamerica.com.pa,,economia|logistica_canal|turismo|servicios_publicos|eventos_naturales|regulacion|otro
GN-08c3b5b152,Vídeo | Explican el mecanismo de la feria de empleo en Atlapa,tvn-2.com,,economia|logistica_canal|turismo|servicios_publicos|eventos_naturales|regulacion|otro
TVN-c51fd36f94,Aprehenden a 10 personas por presunta minería ilegal y delitos ambientales en Coclé del Norte,tvn-2.com,,economia|logistica_canal|turismo|servicios_publicos|eventos_naturales|regulacion|otro
GN-a1fcd22b05,Panamá - Ecuador | Pronóstico y cuotas 05.10.2026,as.com,,economia|logistica_canal|turismo|servicios_publicos|eventos_naturales|regulacion|otro
GN-7f869f83f3,El nuevo Porsche Cayenne Coupé Eléctrico presente en el Panamá Motor Show 2026,newsroom.porsche.com,,economia|logistica_canal|turismo|servicios_publicos|eventos_naturales|regulacion|otro
TVN-67760aa912,Contenido Exclusivo: El metro por la Tumba Muerto,tvn-2.com,,economia|logistica_canal|turismo|servicios_publicos|eventos_naturales|regulacion|otro
GN-43be1e523b,Línea 2 del Metro de Panamá fue suspendida tras activarse injustificadamente el botón de urgencia,telemetro.com,,economia|logistica_canal|turismo|servicios_publicos|eventos_naturales|regulacion|otro
GN-5ba935da7c,Comisión de la Mujer recibe informe del proyecto de ley de adopciones en Panamá,panama24horas.com.pa,,economia|logistica_canal|turismo|servicios_publicos|eventos_naturales|regulacion|otro
GN-b44172d588,Sinaproc emite aviso preventivo por lluvias y tormentas en Panamá,ecotvpanama.com,,economia|logistica_canal|turismo|servicios_publicos|eventos_naturales|regulacion|otro
GN-f621f13c5a,Panamá amanecerá con lluvias: conozca las provincias donde se esperan más precipitaciones hoy,telemetro.com,,economia|logistica_canal|turismo|servicios_publicos|eventos_naturales|regulacion|otro
GN-ef04f438f5,Canal de Panamá aplicará nuevo programa de cupos de largo plazo para esclusas Neopanamax y Panamax,mundomaritimo.cl,,economia|logistica_canal|turismo|servicios_publicos|eventos_naturales|regulacion|otro
GN-47ea7e0598,Panamá Oeste sin agua hoy: sectores afectados y a qué hora se restablecerá el servicio,telemetro.com,,economia|logistica_canal|turismo|servicios_publicos|eventos_naturales|regulacion|otro
GN-8756e49941,"Directo Latam: disminuye el tránsito de barcos en el Canal de Panamá, pero sube la recaudación",france24.com,,economia|logistica_canal|turismo|servicios_publicos|eventos_naturales|regulacion|otro
GN-e3ba340d39,Potabilizadora suspenderá temporalmente sus operaciones: conozca cuál es y su horario,telemetro.com,,economia|logistica_canal|turismo|servicios_publicos|eventos_naturales|regulacion|otro
GN-dd88646a31,"Exposición de arte en Panamá desafía la ""norma heterosexual"" a través del cuerpo y el alma",es-us.vida-estilo.yahoo.com,,economia|logistica_canal|turismo|servicios_publicos|eventos_naturales|regulacion|otro
GN-612f1fc820,El agua que sostiene la economía de Panamá está bajo presión,laestrella.com.pa,,economia|logistica_canal|turismo|servicios_publicos|eventos_naturales|regulacion|otro
GN-f5c81832f5,Ley 226: ¿qué pasará ahora con los descuentos para jubilados? Estos son los cambios sobre la mesa,telemetro.com,,economia|logistica_canal|turismo|servicios_publicos|eventos_naturales|regulacion|otro
GN-cc7e42c66f,Canal de Panamá amplía el programa de asignación de cupos para las esclusas Panamax,elnuevoherald.com,,economia|logistica_canal|turismo|servicios_publicos|eventos_naturales|regulacion|otro
GN-bc61281f34,Subsidios en Panamá: ¿qué cambiaría con el nuevo registro que propone la Asamblea?,telemetro.com,,economia|logistica_canal|turismo|servicios_publicos|eventos_naturales|regulacion|otro
GN-f9a4769cc0,Panamá amplía el acceso al pasaporte electrónico para estudiantes que representen al país en el extranjero,infobae.com,,economia|logistica_canal|turismo|servicios_publicos|eventos_naturales|regulacion|otro
GN-66a4fa91d5,Expertos de la UTP advierten que hospitales no resistirían un sismo fuerte en Panamá,panamaamerica.com.pa,,economia|logistica_canal|turismo|servicios_publicos|eventos_naturales|regulacion|otro
GN-4805e53a35,Presentan reforma a la Ley APP para acelerar megaproyectos y empleo en Panamá,elcapitalfinanciero.com,,economia|logistica_canal|turismo|servicios_publicos|eventos_naturales|regulacion|otro
GN-b55907b52f,Lluvias y tormentas en Panamá: estos son los días con mayor probabilidad de aguaceros intensos,telemetro.com,,economia|logistica_canal|turismo|servicios_publicos|eventos_naturales|regulacion|otro
GN-b49fee8337,Casco Peatonal celebra a Panamá como ciudad del turismo internacional |,mupa.gob.pa,,economia|logistica_canal|turismo|servicios_publicos|eventos_naturales|regulacion|otro
GN-17402c8e18,"Teleférico: firmado el contrato, ahora toca demostrar cuándo funcionará",ensegundos.com.pa,,economia|logistica_canal|turismo|servicios_publicos|eventos_naturales|regulacion|otro
GN-d9a6f71e1d,"Gloria De León, administradora de la Autoridad de Turismo de Panamá",infobae.com,,economia|logistica_canal|turismo|servicios_publicos|eventos_naturales|regulacion|otro
GN-b09c371b17,Clima en Panamá esta noche: ¿continuarán las lluvias?,telemetro.com,,economia|logistica_canal|turismo|servicios_publicos|eventos_naturales|regulacion|otro
GN-77adf71674,Vietnam y Panamá cooperan en materia de turismo.,vietnam.vn,,economia|logistica_canal|turismo|servicios_publicos|eventos_naturales|regulacion|otro
TVN-2bad1c262c,"Relanzamientos de las relaciones de Panamá y Vietnam: Acuerdos, inversiones y la Zona Libre de Colón",tvn-2.com,,economia|logistica_canal|turismo|servicios_publicos|eventos_naturales|regulacion|otro
GN-7e921ae390,¿Cómo impactaría a Panamá la posible restricción de EE. UU. a las exportaciones de diésel?,panamaamerica.com.pa,,economia|logistica_canal|turismo|servicios_publicos|eventos_naturales|regulacion|otro
GN-5332698347,Canal de Panamá pospone restricciones de calado gracias a las lluvias,panamaamerica.com.pa,,economia|logistica_canal|turismo|servicios_publicos|eventos_naturales|regulacion|otro
RS-d8aad634e1,La tormenta Isaías amenaza con convertirse en huracán y golpear Florida,critica.com.pa,,economia|logistica_canal|turismo|servicios_publicos|eventos_naturales|regulacion|otro
GN-c380dfea48,PREVIA: Panamá-Nueva Zelanda: Duelo por el pase a la final en Yokohama,fepafut.com,,economia|logistica_canal|turismo|servicios_publicos|eventos_naturales|regulacion|otro
GN-2fa9d904b9,Sismo de magnitud 3.3 sorprende durante la madrugada: ocurrió al noroeste de Chepo,telemetro.com,,economia|logistica_canal|turismo|servicios_publicos|eventos_naturales|regulacion|otro
GN-9b2363ba71,Miguel Lorenzo Fábrega asume como subadministrador del Canal de Panamá,portalportuario.cl,,economia|logistica_canal|turismo|servicios_publicos|eventos_naturales|regulacion|otro
GN-46e222c131,Panamá apuesta por diversificar el turismo y atraer visitantes a las provincias,tvn-2.com,,economia|logistica_canal|turismo|servicios_publicos|eventos_naturales|regulacion|otro
GN-a09c60fd97,"Panamá será la segunda economía de Centroamérica que más crecerá en 2026, después de El Salvador",noticiasdepanama.com,,economia|logistica_canal|turismo|servicios_publicos|eventos_naturales|regulacion|otro
GN-a472ba9730,“Tenemos como principal objetivo poder descentralizar el turismo de la ciudad”,larepublica.co,,economia|logistica_canal|turismo|servicios_publicos|eventos_naturales|regulacion|otro
GN-5b56e1627b,Gobierno Panamá recomienda se inicie cierre ordenado de mina que era operada por First Quantum: ministro,es-us.finanzas.yahoo.com,,economia|logistica_canal|turismo|servicios_publicos|eventos_naturales|regulacion|otro
GN-e74ee0f577,Cómo la sequía en el Canal de Panamá está disparando el tráfico marítimo por el estrecho de Magallanes,biobiochile.cl,,economia|logistica_canal|turismo|servicios_publicos|eventos_naturales|regulacion|otro
GN-3ca6a27921,Línea 2 del Metro de Panamá funciona con normalidad tras falla eléctrica,telemetro.com,,economia|logistica_canal|turismo|servicios_publicos|eventos_naturales|regulacion|otro
RS-5cb9566110,México: Candidatos a Presidencia deberán tener una sola nacionalidad,critica.com.pa,,economia|logistica_canal|turismo|servicios_publicos|eventos_naturales|regulacion|otro
GN-1ffe0a6155,"Julio Moltó se refiere a Minera Panamá: ""Se necesita volver a reactivar la economía""",telemetro.com,,economia|logistica_canal|turismo|servicios_publicos|eventos_naturales|regulacion|otro
GN-e693a76bac,Asamblea Nacional aprueba en segundo debate presupuesto del Canal de Panamá para año fiscal 2027,portalportuario.cl,,economia|logistica_canal|turismo|servicios_publicos|eventos_naturales|regulacion|otro
TVN-a67fb1cc4c,Costa Rica: Suspendió la investigación sobre el crimen del militar exiliado,tvn-2.com,,economia|logistica_canal|turismo|servicios_publicos|eventos_naturales|regulacion|otro
GN-a6fc400bc0,Panamá recibió 1.8 millones de visitantes hasta julio y mantuvo un crecimiento turístico de dos dígitos,infobae.com,,economia|logistica_canal|turismo|servicios_publicos|eventos_naturales|regulacion|otro
GN-aba5d7df3e,Cobre Panamá volvería a producir: lo que falta definir es bajo qué modelo,infobae.com,,economia|logistica_canal|turismo|servicios_publicos|eventos_naturales|regulacion|otro
GN-722e110cd7,¿Vives en Panamá Oeste? Estas comunidades no tendrán agua hasta las 3:00 p.m.,telemetro.com,,economia|logistica_canal|turismo|servicios_publicos|eventos_naturales|regulacion|otro
GN-cda2229d15,La estrategia de Panamá para recuperar la inversión extranjera perdida desde 2019,zonacero.com,,economia|logistica_canal|turismo|servicios_publicos|eventos_naturales|regulacion|otro
GN-f188222f6c,Sismo de 4.6 frente a Costa Rica: ¿a qué distancia de Panamá ocurrió?,telemetro.com,,economia|logistica_canal|turismo|servicios_publicos|eventos_naturales|regulacion|otro
GN-c2b782fba9,Asamblea Nacional de Vietnam se compromete a facilitar la ejecución de acuerdos con Panamá,metrolibre.com,,economia|logistica_canal|turismo|servicios_publicos|eventos_naturales|regulacion|otro
GN-defa730139,Ministerio de Economía y Finanzas de Panamá – Inversionistas internacionales describen a Panamá como «the darling of the American Continent» (“el favorito de los inversionistas en el continente americano”),mef.gob.pa,,economia|logistica_canal|turismo|servicios_publicos|eventos_naturales|regulacion|otro
GN-cc2f125447,IDAAN culmina operativo Panamá Sin Fugas con más de 100 reparaciones,metrolibre.com,,economia|logistica_canal|turismo|servicios_publicos|eventos_naturales|regulacion|otro
GN-b5bfcb4931,Apoyo a la democracia cae nueve puntos en Panamá; 78% no se siente representado por la Asamblea Nacional,tvn-2.com,,economia|logistica_canal|turismo|servicios_publicos|eventos_naturales|regulacion|otro
GN-e45e11af04,Levantan suspensión en la construcción del Cuarto Puente sobre el Canal de Panamá: estas son las obras que vienen,infobae.com,,economia|logistica_canal|turismo|servicios_publicos|eventos_naturales|regulacion|otro
GN-eabfc361c0,Panamá cae ante Nueva Zelanda en penales y disputará el tercer lugar de la copa,fepafut.com,,economia|logistica_canal|turismo|servicios_publicos|eventos_naturales|regulacion|otro
GN-dc1e6c31e2,"Sindicato de Industriales de Panamá realizará Simposio de Sostenibilidad, Energía y Agua",telemetro.com,,economia|logistica_canal|turismo|servicios_publicos|eventos_naturales|regulacion|otro
GN-a9a82713da,¡Atención! Estas son las zonas de Panamá bajo aviso por lluvias y tormentas este martes,telemetro.com,,economia|logistica_canal|turismo|servicios_publicos|eventos_naturales|regulacion|otro
GN-408748de5f,Hidroeléctricas aportan el 46% de la electricidad en Panamá en medio de El Niño,infobae.com,,economia|logistica_canal|turismo|servicios_publicos|eventos_naturales|regulacion|otro
GN-1e46b97253,Lluvias afectan potabilizadora de Mendoza y reducen el suministro de agua en Panamá Oeste,laestrella.com.pa,,economia|logistica_canal|turismo|servicios_publicos|eventos_naturales|regulacion|otro
GN-99f073d60f,Convención de Turismo: Proponen vuelos e incentivos para llevar a visitantes a las provincias,informeaereo.com,,economia|logistica_canal|turismo|servicios_publicos|eventos_naturales|regulacion|otro
GN-f596875b1b,El Niño podría costarle hasta $400 millones al Canal de Panamá,infobae.com,,economia|logistica_canal|turismo|servicios_publicos|eventos_naturales|regulacion|otro
GN-a4ac7cae62,"Las MiPymes en Panamá: un motor de valor económico, social y ambiental",ecotvpanama.com,,economia|logistica_canal|turismo|servicios_publicos|eventos_naturales|regulacion|otro
GN-f228c67856,Canal de Panamá amplía programa de cupos de tránsito para temporada seca 2027,portalfruticola.com,,economia|logistica_canal|turismo|servicios_publicos|eventos_naturales|regulacion|otro
GN-1eb9d0f720,El valor agregado se convierte en el motor de las exportaciones de Panamá,infobae.com,,economia|logistica_canal|turismo|servicios_publicos|eventos_naturales|regulacion|otro
GN-eb25c6e529,Del crecimiento al empleo,prensa.com,,economia|logistica_canal|turismo|servicios_publicos|eventos_naturales|regulacion|otro
TVN-b28b5de2a5,Pilotos solicitan al Aeropuerto de Tocumen fortalecer controles por riesgo de aves durante temporada migratoria,tvn-2.com,,economia|logistica_canal|turismo|servicios_publicos|eventos_naturales|regulacion|otro
TVN-c6c172b218,TVN Media comparte su experiencia de transformación digital en cumbre WISS LATAM,tvn-2.com,,economia|logistica_canal|turismo|servicios_publicos|eventos_naturales|regulacion|otro
GN-72bb3f52f6,Nuevo ajuste de combustibles en Panamá: la gasolina de 95 llegará a $5.39 por galón,infobae.com,,economia|logistica_canal|turismo|servicios_publicos|eventos_naturales|regulacion|otro
GN-aa09ce3c5b,Panamá prepara proyecto de ley para reducir de dos a un año el internado médico,prensa.com,,economia|logistica_canal|turismo|servicios_publicos|eventos_naturales|regulacion|otro
GN-f64db58114,La voluntad convertida en ley,prensa.com,,economia|logistica_canal|turismo|servicios_publicos|eventos_naturales|regulacion|otro
GN-990fc26230,Economía plateada: Envejecimiento de la población abre un nuevo reto en Panamá,telemetro.com,,economia|logistica_canal|turismo|servicios_publicos|eventos_naturales|regulacion|otro
GN-297d1d2cac,"Economía de Panamá crece 5.5% en el primer semestre, según Apede",destinopanama.com.pa,,economia|logistica_canal|turismo|servicios_publicos|eventos_naturales|regulacion|otro
GN-2337b1ac05,Clima en Panamá hoy: ¿en qué provincias lloverá este jueves 17 de septiembre?,telemetro.com,,economia|logistica_canal|turismo|servicios_publicos|eventos_naturales|regulacion|otro
GN-0b3971aa4c,El GNL recupera terreno en el Canal de Panamá tras años de desvíos por África,infobae.com,,economia|logistica_canal|turismo|servicios_publicos|eventos_naturales|regulacion|otro
GN-a1d8fa79b6,Vídeo | Panamá Oeste apuesta por turismo e inversión para su crecimiento y desarrollo,tvn-2.com,,economia|logistica_canal|turismo|servicios_publicos|eventos_naturales|regulacion|otro
GN-6d924fe0b1,Metro de Panamá reporta servicio parcial en la Línea 2 por falla eléctrica,laestrella.com.pa,,economia|logistica_canal|turismo|servicios_publicos|eventos_naturales|regulacion|otro
GN-b4bec01b3b,"En Panamá aumentan las brechas estructurales ante pocos avances, señala informe del sector privado",infobae.com,,economia|logistica_canal|turismo|servicios_publicos|eventos_naturales|regulacion|otro
GN-df0e99ea0d,Vídeo | La Alcaldía de Panamá alista su feria de empleo,tvn-2.com,,economia|logistica_canal|turismo|servicios_publicos|eventos_naturales|regulacion|otro
GN-5158fd5937,Contenido Exclusivo: El metro por la Tumba Muerto,tvn-2.com,,economia|logistica_canal|turismo|servicios_publicos|eventos_naturales|regulacion|otro
GN-38f9349810,Muere trabajador de 25 años en proyecto de la Línea 3 del Metro de Panamá,laestrella.com.pa,,economia|logistica_canal|turismo|servicios_publicos|eventos_naturales|regulacion|otro
GN-8f0c614b9f,Devolución de dinero en Panamá: estos son los casos que contempla el proyecto de ley 650,telemetro.com,,economia|logistica_canal|turismo|servicios_publicos|eventos_naturales|regulacion|otro
GN-a2ccb588ac,Instituto de Geociencias reporta sismo de 5.4 al sur de Panamá,laestrella.com.pa,,economia|logistica_canal|turismo|servicios_publicos|eventos_naturales|regulacion|otro
TVN-716bb815e9,"Reclusa que sobrevivió a ejecución fallida en EEUU está consciente y habla, según sus abogados",tvn-2.com,,economia|logistica_canal|turismo|servicios_publicos|eventos_naturales|regulacion|otro
GN-4f3167adda,El IDAAN alcanza las mil reparaciones de tuberías de agua potable,metrolibre.com,,economia|logistica_canal|turismo|servicios_publicos|eventos_naturales|regulacion|otro
GN-f197f26d99,Canal de Panamá amplía el programa de asignación de cupos para las esclusas Panamax,larepublica.co,,economia|logistica_canal|turismo|servicios_publicos|eventos_naturales|regulacion|otro
GN-97d2bb8a39,Asamblea Nacional dividida entre diputados a favor de China y Taiwán,ecotvpanama.com,,economia|logistica_canal|turismo|servicios_publicos|eventos_naturales|regulacion|otro
GN-cb3fd10528,Canal de Panamá: Suspensión temporal de operaciones de potabilizadora de Miraflores este miércoles,tvn-2.com,,economia|logistica_canal|turismo|servicios_publicos|eventos_naturales|regulacion|otro
GN-7069bddcd2,Panamá bajo alerta por lluvias: así se comportará el clima este sábado 3 de octubre,elsiglo.com.pa,,economia|logistica_canal|turismo|servicios_publicos|eventos_naturales|regulacion|otro
GN-35f96f2bc5,Apagón en Panamá: ETESA atribuye a una empresa generadora el incidente que provocó la falla,telemetro.com,,economia|logistica_canal|turismo|servicios_publicos|eventos_naturales|regulacion|otro
GN-215991d179,¿Lloverá hoy en Panamá? Este es el pronóstico para hoy jueves 24 de septiembre,telemetro.com,,economia|logistica_canal|turismo|servicios_publicos|eventos_naturales|regulacion|otro
GN-4b8b429aa0,Panamá e Israel fortalecen cooperación para optimizar el suministro de agua en Azuero,metrolibre.com,,economia|logistica_canal|turismo|servicios_publicos|eventos_naturales|regulacion|otro
GN-d188fe1f60,Apagón en ciudad de Panamá y San Miguelito causado por incidente en generadora Gatún; Etesa confirma recuperación del sistema,tvn-2.com,,economia|logistica_canal|turismo|servicios_publicos|eventos_naturales|regulacion|otro
GN-37c0e7b27e,Metro firma contrato para el teleférico de Panamá y San Miguelito; falta el refrendo de Contraloría,noticiasdepanama.com,,economia|logistica_canal|turismo|servicios_publicos|eventos_naturales|regulacion|otro
GN-beb2a518c4,Alcaldía de Panamá emite decreto sobre el procedimiento para aplicar sanciones,telemetro.com,,economia|logistica_canal|turismo|servicios_publicos|eventos_naturales|regulacion|otro
GN-4fe5bcaad8,De Héroes por Panamá a referente de turismo comunitario: así ha crecido la Fundación Agua y Tierra,tvn-2.com,,economia|logistica_canal|turismo|servicios_publicos|eventos_naturales|regulacion|otro
GN-85d5e57d70,Asamblea Nacional: Aprueban en primer debate el presupuesto del canal de Panamá para 2027,tvn-2.com,,economia|logistica_canal|turismo|servicios_publicos|eventos_naturales|regulacion|otro
GN-e7110e2e25,Ciudad del Futuro y otras comunidades no tendrán agua potable el próximo miércoles,tvn-2.com,,economia|logistica_canal|turismo|servicios_publicos|eventos_naturales|regulacion|otro
GN-6bdc8bb1f0,Fallece capitán de remolcador del Canal de Panamá mientras cumplía funciones,tvn-2.com,,economia|logistica_canal|turismo|servicios_publicos|eventos_naturales|regulacion|otro
GN-3d9cc5f43b,Sinaproc extiende aviso de prevención por lluvias y Onda Tropical N.° 50,elcapitalfinanciero.com,,economia|logistica_canal|turismo|servicios_publicos|eventos_naturales|regulacion|otro
GN-2e2a70c71b,"BID Invest ve un potencial de $50,000 millones para el mercado de capitales en Panamá; reforma a la Ley es clave",laestrella.com.pa,,economia|logistica_canal|turismo|servicios_publicos|eventos_naturales|regulacion|otro
GN-4f541a9871,On Vacation y Wingo abrirán ruta directa entre Bogotá y Río Hato desde octubre para impulsar el turismo en Panamá,portafolio.co,,economia|logistica_canal|turismo|servicios_publicos|eventos_naturales|regulacion|otro
GN-7ae1a105b5,Tráfico por estrecho de Magallanes sube más de 70% ante restricciones en Canal de Panamá,perfil.com,,economia|logistica_canal|turismo|servicios_publicos|eventos_naturales|regulacion|otro
TVN-a2b38044e8,Contenido Exclusivo: Turismo en transporte público,tvn-2.com,,economia|logistica_canal|turismo|servicios_publicos|eventos_naturales|regulacion|otro
GN-e73f093e19,"El presidente de la Asamblea Nacional, Tran Thanh Man, se reunió con el presidente panameño José Raúl Mulino.",vietnam.vn,,economia|logistica_canal|turismo|servicios_publicos|eventos_naturales|regulacion|otro
GN-cc5a82ce3f,"Ley 526 de Panamá, cada sociedad tendrá que volver a justificarse",diariolibre.com,,economia|logistica_canal|turismo|servicios_publicos|eventos_naturales|regulacion|otro
GN-bc1f721a89,"Panamá crea el programa 'Abono pa' ti': otorgarán B/.3,000 para la compra de vivienda nueva",telemetro.com,,economia|logistica_canal|turismo|servicios_publicos|eventos_naturales|regulacion|otro
GN-c3749e7fa0,1-1 (6-7). Panamá se impone a Ecuador en los penaltis y Gallardo sigue sin ganar,es-us.noticias.yahoo.com,,economia|logistica_canal|turismo|servicios_publicos|eventos_naturales|regulacion|otro
GN-5f649c4a3b,Metro de Panamá y Doppelmayr firman contrato para construir el Teleférico de Panamá y San Miguelito,laestrella.com.pa,,economia|logistica_canal|turismo|servicios_publicos|eventos_naturales|regulacion|otro
TVN-bc00d6595d,Lionel Messi despedida| Estos fueron los momentos que marcaron una noche inolvidable,tvn-2.com,,economia|logistica_canal|turismo|servicios_publicos|eventos_naturales|regulacion|otro
GN-01ae448c77,Atención usuarios: Línea 2 del Metro opera parcialmente por falla eléctrica,telemetro.com,,economia|logistica_canal|turismo|servicios_publicos|eventos_naturales|regulacion|otro
GN-64de903eec,El empleo en Panamá se concentra entre personas de 30 a 49 años y deja rezagados a los jóvenes,infobae.com,,economia|logistica_canal|turismo|servicios_publicos|eventos_naturales|regulacion|otro
GN-4a23ac895c,Sismo de magnitud 3.6 sacude Panamá: epicentro al norte de Tocumen,telemetro.com,,economia|logistica_canal|turismo|servicios_publicos|eventos_naturales|regulacion|otro
GN-d890e6bea3,Contenido Exclusivo: Turismo en transporte público,tvn-2.com,,economia|logistica_canal|turismo|servicios_publicos|eventos_naturales|regulacion|otro
