id_evento,titulo,titulares,elegido_por_editor
EV-9082a4dd,La Eurocámara aboga por reequilibrar economía con China,1,
EV-8f18efe0,La tormenta Isaías amenaza con convertirse en huracán y golpear Florida,1,
EV-ee113c4f,Navieras vietnamitas ratifican confianza en el registro de barcos y el Canal de Panamá,2,
EV-f8aa9cce,Canal de Panamá amplía el programa de asignación de cupos para las esclusas Panamax,8,
EV-530fa489,"Panamá necesita recuperar la inversión extranjera para impulsar el empleo, afirma el sector privado",2,
EV-60b8e401,Panamá recuerda a Vietnam como el primer país en firmar el protocolo del Canal de Panamá.,1,
EV-12da6f82,Panamá es epicentro de la economía naranja al reunir a líderes globales de la industria creativa,1,
EV-62eb071b,Reforma eléctrica: Comisión de Comercio aprueba en primer debate el proyecto de ley impulsado por el Ejecutivo,3,
EV-26e0a681,"Economía panameña registra un crecimiento del 5,5% en el primer semestre de 2026",8,
EV-1f05e216,Canal de Panamá amplía programa de cupos de tránsito para temporada seca 2027,3,
EV-f2799eb6,Lluvias y tormentas en Panamá: Sinaproc extiende aviso de prevención hasta el 9 de octubre,8,
EV-d2486cac,El puente entre el Atlántico y el Pacífico: de Magallanes a Panamá y el retorno de la conectividad multimodal,1,
EV-67bd2214,"En Panamá los distribuidores de automóviles proyectan finalizar el año con 65,000 vehículos nuevos vendidos",1,
EV-280fbaf9,Panamá mantiene vigilancia epidemiológica ante caso sospechoso de peste neumónica en Rusia,1,
EV-8d8ea388,De la Espriella inauguró la ruta Montería-Panamá: anunció que la próxima será Miami,3,
EV-c3ce64bf,Canal de Panamá eleva calado y aumenta capacidad diaria para buques Neopanamax,2,
EV-57bd447f,Clima en Panamá: Lluvias y tormentas en varios sectores del país durante este miércoles,5,
EV-d64b824e,"Economía de Panamá es sólida pero debe mantener la disciplina fiscal y mejorar la educación, dice FMI",4,
EV-64efa07d,El Banco Mundial proyecta que Panamá liderará el crecimiento centroamericano con 3.9% en 2026,1,
EV-8e788850,PANAMA: Exportaciones de banano superan los $17 millones en junio,1,
EV-43e93ffb,Exportaciones de bienes de Panamá suman $534.6 millones al primer semestre del año,2,
EV-d2080aaa,APEDE advierte severo deterioro en la calidad del empleo en Panamá,1,
EV-1883a8ab,Singapur se adhiere al Tratado de Neutralidad del Canal de Panamá durante visita de Mulino,4,
EV-34e8fd32,"Panamá será la segunda economía de Centroamérica que más crecerá en 2026, después de El Salvador",1,
EV-a339ae0e,"Panamá gasta 288 millones de dólares en la compra de productos vietnamitas, con el calzado a la cabeza.",1,
EV-2cff844c,Tráfico por estrecho de Magallanes sube más de 70% ante restricciones en Canal de Panamá,6,
EV-0c66d7e0,"Economía de Panamá crece 5.5% en el primer semestre, según Apede",2,
EV-885dd46d,Panamá suma vuelo directo desde Bogotá a la Riviera Pacífica,2,
EV-bd9a11c6,Panamá bajo alerta por lluvias: así se comportará el clima este sábado 3 de octubre,7,
EV-e42c0906,"Tasa de desempleo en Panamá baja a 8.5 % y la informalidad a 45.8 %, según el INEC",6,
